<?xml version="1.0" encoding="UTF-8"?>
<kml xmlns="http://www.opengis.net/kml/2.2">
  <Document>
    <name>QUOで払えるガソリンスタンド（株主優待）</name>
    <description><![CDATA[優待QUOカードが使える全国のENEOS・JA系ガソリンスタンドをまとめ<br><br>⛽ 給油はもちろん、有人店ではオイル交換・タイヤ交換などに使える場合も！<br><br>・営業時間は各店舗でご確認ください<br>・QUOカード取扱いが終了・変更あります<br><br>X：@yutai_samurai<br>https://x.com/yutai_samurai]]></description>
    <Style id="icon-1581-0288D1-normal">
      <IconStyle>
        <color>ffd18802</color>
        <scale>1</scale>
        <Icon>
          <href>https://www.gstatic.com/mapspro/images/stock/503-wht-blank_maps.png</href>
        </Icon>
      </IconStyle>
      <LabelStyle>
        <scale>0</scale>
      </LabelStyle>
    </Style>
    <Style id="icon-1581-0288D1-highlight">
      <IconStyle>
        <color>ffd18802</color>
        <scale>1</scale>
        <Icon>
          <href>https://www.gstatic.com/mapspro/images/stock/503-wht-blank_maps.png</href>
        </Icon>
      </IconStyle>
      <LabelStyle>
        <scale>1</scale>
      </LabelStyle>
    </Style>
    <StyleMap id="icon-1581-0288D1">
      <Pair>
        <key>normal</key>
        <styleUrl>#icon-1581-0288D1-normal</styleUrl>
      </Pair>
      <Pair>
        <key>highlight</key>
        <styleUrl>#icon-1581-0288D1-highlight</styleUrl>
      </Pair>
    </StyleMap>
    <Style id="icon-1581-FF5252-normal">
      <IconStyle>
        <color>ff5252ff</color>
        <scale>1</scale>
        <Icon>
          <href>https://www.gstatic.com/mapspro/images/stock/503-wht-blank_maps.png</href>
        </Icon>
      </IconStyle>
      <LabelStyle>
        <scale>0</scale>
      </LabelStyle>
    </Style>
    <Style id="icon-1581-FF5252-highlight">
      <IconStyle>
        <color>ff5252ff</color>
        <scale>1</scale>
        <Icon>
          <href>https://www.gstatic.com/mapspro/images/stock/503-wht-blank_maps.png</href>
        </Icon>
      </IconStyle>
      <LabelStyle>
        <scale>1</scale>
      </LabelStyle>
    </Style>
    <StyleMap id="icon-1581-FF5252">
      <Pair>
        <key>normal</key>
        <styleUrl>#icon-1581-FF5252-normal</styleUrl>
      </Pair>
      <Pair>
        <key>highlight</key>
        <styleUrl>#icon-1581-FF5252-highlight</styleUrl>
      </Pair>
    </StyleMap>
    <Style id="icon-1581-FF5252-nodesc-normal">
      <IconStyle>
        <color>ff5252ff</color>
        <scale>1</scale>
        <Icon>
          <href>https://www.gstatic.com/mapspro/images/stock/503-wht-blank_maps.png</href>
        </Icon>
      </IconStyle>
      <LabelStyle>
        <scale>0</scale>
      </LabelStyle>
      <BalloonStyle>
        <text><![CDATA[<h3>$[name]</h3>]]></text>
      </BalloonStyle>
    </Style>
    <Style id="icon-1581-FF5252-nodesc-highlight">
      <IconStyle>
        <color>ff5252ff</color>
        <scale>1</scale>
        <Icon>
          <href>https://www.gstatic.com/mapspro/images/stock/503-wht-blank_maps.png</href>
        </Icon>
      </IconStyle>
      <LabelStyle>
        <scale>1</scale>
      </LabelStyle>
      <BalloonStyle>
        <text><![CDATA[<h3>$[name]</h3>]]></text>
      </BalloonStyle>
    </Style>
    <StyleMap id="icon-1581-FF5252-nodesc">
      <Pair>
        <key>normal</key>
        <styleUrl>#icon-1581-FF5252-nodesc-normal</styleUrl>
      </Pair>
      <Pair>
        <key>highlight</key>
        <styleUrl>#icon-1581-FF5252-nodesc-highlight</styleUrl>
      </Pair>
    </StyleMap>
    <Style id="icon-1899-FF5252-nodesc-normal">
      <IconStyle>
        <color>ff5252ff</color>
        <scale>1</scale>
        <Icon>
          <href>https://www.gstatic.com/mapspro/images/stock/503-wht-blank_maps.png</href>
        </Icon>
        <hotSpot x="32" xunits="pixels" y="64" yunits="insetPixels"/>
      </IconStyle>
      <LabelStyle>
        <scale>0</scale>
      </LabelStyle>
      <BalloonStyle>
        <text><![CDATA[<h3>$[name]</h3>]]></text>
      </BalloonStyle>
    </Style>
    <Style id="icon-1899-FF5252-nodesc-highlight">
      <IconStyle>
        <color>ff5252ff</color>
        <scale>1</scale>
        <Icon>
          <href>https://www.gstatic.com/mapspro/images/stock/503-wht-blank_maps.png</href>
        </Icon>
        <hotSpot x="32" xunits="pixels" y="64" yunits="insetPixels"/>
      </IconStyle>
      <LabelStyle>
        <scale>1</scale>
      </LabelStyle>
      <BalloonStyle>
        <text><![CDATA[<h3>$[name]</h3>]]></text>
      </BalloonStyle>
    </Style>
    <StyleMap id="icon-1899-FF5252-nodesc">
      <Pair>
        <key>normal</key>
        <styleUrl>#icon-1899-FF5252-nodesc-normal</styleUrl>
      </Pair>
      <Pair>
        <key>highlight</key>
        <styleUrl>#icon-1899-FF5252-nodesc-highlight</styleUrl>
      </Pair>
    </StyleMap>
    <Folder>
      <name>北海道（札幌 苫小牧 登別 室蘭 函館 夕張 旭川 帯広 芦別）</name>
      <Placemark>
        <name>ENEOS Dr.Driveサンロード南SS（栗林石油）</name>
        <styleUrl>#icon-1581-FF5252-nodesc</styleUrl>
        <Point>
          <coordinates>
            143.2080181,42.9055016,0
          </coordinates>
        </Point>
      </Placemark>
      <Placemark>
        <name>ENEOS 上士幌SS (栗林石油)</name>
        <styleUrl>#icon-1581-FF5252-nodesc</styleUrl>
        <Point>
          <coordinates>
            143.2895004,43.2331134,0
          </coordinates>
        </Point>
      </Placemark>
      <Placemark>
        <name>ENEOS 本別SS（栗林石油）</name>
        <styleUrl>#icon-1581-FF5252-nodesc</styleUrl>
        <Point>
          <coordinates>
            143.6133231,43.1302352,0
          </coordinates>
        </Point>
      </Placemark>
      <Placemark>
        <name>ENEOS 浦幌SS（栗林石油）</name>
        <styleUrl>#icon-1581-FF5252-nodesc</styleUrl>
        <Point>
          <coordinates>
            143.655601,42.816679,0
          </coordinates>
        </Point>
      </Placemark>
      <Placemark>
        <name>ENEOS Dr.Driveアーバンきの店（栗林石油）</name>
        <styleUrl>#icon-1581-FF5252-nodesc</styleUrl>
        <Point>
          <coordinates>
            143.2058869,42.9536823,0
          </coordinates>
        </Point>
      </Placemark>
      <Placemark>
        <name>ENEOS Dr.Driveセルフ大通7丁目店（栗林石油）</name>
        <styleUrl>#icon-1581-FF5252-nodesc</styleUrl>
        <Point>
          <coordinates>
            143.2054978,42.9241241,0
          </coordinates>
        </Point>
      </Placemark>
      <Placemark>
        <name>ENEOS Dr.Driveセルフ西帯広店（栗林石油）</name>
        <styleUrl>#icon-1581-FF5252-nodesc</styleUrl>
        <Point>
          <coordinates>
            143.153185,42.928682,0
          </coordinates>
        </Point>
      </Placemark>
      <Placemark>
        <name>ENEOS Dr.Drive永山3条店（栗林石油）</name>
        <styleUrl>#icon-1581-FF5252-nodesc</styleUrl>
        <Point>
          <coordinates>
            142.4254731,43.8048726,0
          </coordinates>
        </Point>
      </Placemark>
      <Placemark>
        <name>ENEOS 滝川東町SS（米倉エネルギー）</name>
        <styleUrl>#icon-1581-FF5252-nodesc</styleUrl>
        <Point>
          <coordinates>
            141.9287732,43.5528612,0
          </coordinates>
        </Point>
      </Placemark>
      <Placemark>
        <name>ENEOS 赤平平岸SS (赤平エネルギー)</name>
        <styleUrl>#icon-1581-FF5252-nodesc</styleUrl>
        <Point>
          <coordinates>
            142.1156948,43.5412151,0
          </coordinates>
        </Point>
      </Placemark>
      <Placemark>
        <name>ENEOS オートパーク夕張SS（北島商会）</name>
        <styleUrl>#icon-1581-FF5252-nodesc</styleUrl>
        <Point>
          <coordinates>
            142.0047765,43.0011421,0
          </coordinates>
        </Point>
      </Placemark>
      <Placemark>
        <name>ENEOS EneJetセルフ札幌八軒店（栗林石油株式会社）</name>
        <styleUrl>#icon-1581-FF5252-nodesc</styleUrl>
        <Point>
          <coordinates>
            141.3034567,43.0941777,0
          </coordinates>
        </Point>
      </Placemark>
      <Placemark>
        <name>ENEOS Dr.Drive栄通店（栗林石油）</name>
        <styleUrl>#icon-1581-FF5252-nodesc</styleUrl>
        <Point>
          <coordinates>
            141.4370277,43.0250933,0
          </coordinates>
        </Point>
      </Placemark>
      <Placemark>
        <name>ENEOS Dr.Drive月寒店（栗林石油）</name>
        <styleUrl>#icon-1581-FF5252-nodesc</styleUrl>
        <Point>
          <coordinates>
            141.3991393,43.0260184,0
          </coordinates>
        </Point>
      </Placemark>
      <Placemark>
        <name>ENEOS EneJet Dr.Drive藤野中央店（栗林石油）</name>
        <styleUrl>#icon-1581-FF5252-nodesc</styleUrl>
        <Point>
          <coordinates>
            141.3007282,42.9612877,0
          </coordinates>
        </Point>
      </Placemark>
      <Placemark>
        <name>ENEOS EneJet Dr.Driveセルフ雁来インター店 / 栗林石油(株)</name>
        <styleUrl>#icon-1581-FF5252-nodesc</styleUrl>
        <Point>
          <coordinates>
            141.4155002,43.0901035,0
          </coordinates>
        </Point>
      </Placemark>
      <Placemark>
        <name>ENEOS Dr.Driveセルフ函館美原店 (栗林石油)</name>
        <styleUrl>#icon-1581-FF5252-nodesc</styleUrl>
        <Point>
          <coordinates>
            140.7583587,41.8210084,0
          </coordinates>
        </Point>
      </Placemark>
      <Placemark>
        <name>ENEOS Dr.Drive室蘭仲町（栗林石油）</name>
        <styleUrl>#icon-1581-FF5252-nodesc</styleUrl>
        <Point>
          <coordinates>
            141.004162,42.352349,0
          </coordinates>
        </Point>
      </Placemark>
      <Placemark>
        <name>ENEOS Dr.Driveセルフ七重浜店（栗林石油）</name>
        <styleUrl>#icon-1581-FF5252-nodesc</styleUrl>
        <Point>
          <coordinates>
            140.6882031,41.8217889,0
          </coordinates>
        </Point>
      </Placemark>
      <Placemark>
        <name>ENEOS Dr.Drive室蘭日の出店（栗林石油）</name>
        <styleUrl>#icon-1581-FF5252-nodesc</styleUrl>
        <Point>
          <coordinates>
            141.0403914,42.3515865,0
          </coordinates>
        </Point>
      </Placemark>
      <Placemark>
        <name>ENEOS Dr.Driveセルフ登別新生店（栗林石油）</name>
        <styleUrl>#icon-1581-FF5252-nodesc</styleUrl>
        <Point>
          <coordinates>
            141.066262,42.380606,0
          </coordinates>
        </Point>
      </Placemark>
      <Placemark>
        <name>ENEOS Dr.Drive苫小牧泉野SS (栗林石油)</name>
        <styleUrl>#icon-1581-FF5252-nodesc</styleUrl>
        <Point>
          <coordinates>
            141.524284,42.621488,0
          </coordinates>
        </Point>
      </Placemark>
      <Placemark>
        <name>ENEOS Dr.Drive苫小牧埠頭SS（栗林石油 苫小牧支店）</name>
        <styleUrl>#icon-1581-FF5252-nodesc</styleUrl>
        <Point>
          <coordinates>
            141.6253795,42.6459687,0
          </coordinates>
        </Point>
      </Placemark>
    </Folder>
    <Folder>
      <name>東北（青森 岩手 宮城 秋田 山形 福島）</name>
      <Placemark>
        <name>ENEOS Dr.Drive松見町店／ヤマリョー（株）</name>
        <description><![CDATA[説明: <br>エリア内件数: <br>都道府県: <br>市区町村: <br>住所: ]]></description>
        <styleUrl>#icon-1581-FF5252</styleUrl>
        <ExtendedData>
          <Data name="説明">
            <value/>
          </Data>
          <Data name="エリア内件数">
            <value/>
          </Data>
          <Data name="都道府県">
            <value/>
          </Data>
          <Data name="市区町村">
            <value/>
          </Data>
          <Data name="住所">
            <value/>
          </Data>
        </ExtendedData>
        <Point>
          <coordinates>
            140.3406058,38.2305705,0
          </coordinates>
        </Point>
      </Placemark>
      <Placemark>
        <name>ENEOS 秋田中野SS／(株)大洋石油店</name>
        <description><![CDATA[説明: <br>エリア内件数: <br>都道府県: <br>市区町村: <br>住所: ]]></description>
        <styleUrl>#icon-1581-FF5252</styleUrl>
        <ExtendedData>
          <Data name="説明">
            <value/>
          </Data>
          <Data name="エリア内件数">
            <value/>
          </Data>
          <Data name="都道府県">
            <value/>
          </Data>
          <Data name="市区町村">
            <value/>
          </Data>
          <Data name="住所">
            <value/>
          </Data>
        </ExtendedData>
        <Point>
          <coordinates>
            140.0608192,39.7989269,0
          </coordinates>
        </Point>
      </Placemark>
      <Placemark>
        <name>ENEOS Dr.Driveセルフ湯沢店（ENEOSモビリニア）</name>
        <description><![CDATA[説明: <br>エリア内件数: <br>都道府県: <br>市区町村: <br>住所: ]]></description>
        <styleUrl>#icon-1581-FF5252</styleUrl>
        <ExtendedData>
          <Data name="説明">
            <value/>
          </Data>
          <Data name="エリア内件数">
            <value/>
          </Data>
          <Data name="都道府県">
            <value/>
          </Data>
          <Data name="市区町村">
            <value/>
          </Data>
          <Data name="住所">
            <value/>
          </Data>
        </ExtendedData>
        <Point>
          <coordinates>
            140.4889128,39.1610295,0
          </coordinates>
        </Point>
      </Placemark>
      <Placemark>
        <name>ENEOS Dr.Drive 蔵王店／ヤマリョー（株）</name>
        <description><![CDATA[説明: <br>エリア内件数: <br>都道府県: <br>市区町村: <br>住所: ]]></description>
        <styleUrl>#icon-1581-FF5252</styleUrl>
        <ExtendedData>
          <Data name="説明">
            <value/>
          </Data>
          <Data name="エリア内件数">
            <value/>
          </Data>
          <Data name="都道府県">
            <value/>
          </Data>
          <Data name="市区町村">
            <value/>
          </Data>
          <Data name="住所">
            <value/>
          </Data>
        </ExtendedData>
        <Point>
          <coordinates>
            140.3128072,38.1928603,0
          </coordinates>
        </Point>
      </Placemark>
      <Placemark>
        <name>ENEOS Dr.Drive あかねケ丘店／ヤマリョー（株）</name>
        <description><![CDATA[説明: <br>エリア内件数: <br>都道府県: <br>市区町村: <br>住所: ]]></description>
        <styleUrl>#icon-1581-FF5252</styleUrl>
        <ExtendedData>
          <Data name="説明">
            <value/>
          </Data>
          <Data name="エリア内件数">
            <value/>
          </Data>
          <Data name="都道府県">
            <value/>
          </Data>
          <Data name="市区町村">
            <value/>
          </Data>
          <Data name="住所">
            <value/>
          </Data>
        </ExtendedData>
        <Point>
          <coordinates>
            140.3070305,38.2407698,0
          </coordinates>
        </Point>
      </Placemark>
      <Placemark>
        <name>ENEOS Dr.Drive清住店／ヤマリョー（株）</name>
        <description><![CDATA[説明: <br>エリア内件数: <br>都道府県: <br>市区町村: <br>住所: ]]></description>
        <styleUrl>#icon-1581-FF5252</styleUrl>
        <ExtendedData>
          <Data name="説明">
            <value/>
          </Data>
          <Data name="エリア内件数">
            <value/>
          </Data>
          <Data name="都道府県">
            <value/>
          </Data>
          <Data name="市区町村">
            <value/>
          </Data>
          <Data name="住所">
            <value/>
          </Data>
        </ExtendedData>
        <Point>
          <coordinates>
            140.3130852,38.2533473,0
          </coordinates>
        </Point>
      </Placemark>
      <Placemark>
        <name>ENEOS Dr.Driveビッグウイング前店／ヤマリョー（株）</name>
        <description><![CDATA[説明: <br>エリア内件数: <br>都道府県: <br>市区町村: <br>住所: ]]></description>
        <styleUrl>#icon-1581-FF5252</styleUrl>
        <ExtendedData>
          <Data name="説明">
            <value/>
          </Data>
          <Data name="エリア内件数">
            <value/>
          </Data>
          <Data name="都道府県">
            <value/>
          </Data>
          <Data name="市区町村">
            <value/>
          </Data>
          <Data name="住所">
            <value/>
          </Data>
        </ExtendedData>
        <Point>
          <coordinates>
            140.356619,38.2824556,0
          </coordinates>
        </Point>
      </Placemark>
      <Placemark>
        <name>ENEOS Dr.Drive立谷川店／ヤマリョー（株）</name>
        <description><![CDATA[説明: <br>エリア内件数: <br>都道府県: <br>市区町村: <br>住所: ]]></description>
        <styleUrl>#icon-1581-FF5252</styleUrl>
        <ExtendedData>
          <Data name="説明">
            <value/>
          </Data>
          <Data name="エリア内件数">
            <value/>
          </Data>
          <Data name="都道府県">
            <value/>
          </Data>
          <Data name="市区町村">
            <value/>
          </Data>
          <Data name="住所">
            <value/>
          </Data>
        </ExtendedData>
        <Point>
          <coordinates>
            140.3636929,38.3085878,0
          </coordinates>
        </Point>
      </Placemark>
      <Placemark>
        <name>ENEOS Dr.Drive新大山店／（株）半田商店</name>
        <description><![CDATA[説明: <br>エリア内件数: <br>都道府県: <br>市区町村: <br>住所: ]]></description>
        <styleUrl>#icon-1581-FF5252</styleUrl>
        <ExtendedData>
          <Data name="説明">
            <value/>
          </Data>
          <Data name="エリア内件数">
            <value/>
          </Data>
          <Data name="都道府県">
            <value/>
          </Data>
          <Data name="市区町村">
            <value/>
          </Data>
          <Data name="住所">
            <value/>
          </Data>
        </ExtendedData>
        <Point>
          <coordinates>
            139.7712979,38.7485864,0
          </coordinates>
        </Point>
      </Placemark>
      <Placemark>
        <name>ENEOS Dr.Drive鶴岡西店／ヤマリョー（株）</name>
        <description><![CDATA[説明: <br>エリア内件数: <br>都道府県: <br>市区町村: <br>住所: ]]></description>
        <styleUrl>#icon-1581-FF5252</styleUrl>
        <ExtendedData>
          <Data name="説明">
            <value/>
          </Data>
          <Data name="エリア内件数">
            <value/>
          </Data>
          <Data name="都道府県">
            <value/>
          </Data>
          <Data name="市区町村">
            <value/>
          </Data>
          <Data name="住所">
            <value/>
          </Data>
        </ExtendedData>
        <Point>
          <coordinates>
            139.8061489,38.7353019,0
          </coordinates>
        </Point>
      </Placemark>
      <Placemark>
        <name>ENEOS Dr.Drive鶴岡南店／ヤマリョー（株）</name>
        <description><![CDATA[説明: <br>エリア内件数: <br>都道府県: <br>市区町村: <br>住所: ]]></description>
        <styleUrl>#icon-1581-FF5252</styleUrl>
        <ExtendedData>
          <Data name="説明">
            <value/>
          </Data>
          <Data name="エリア内件数">
            <value/>
          </Data>
          <Data name="都道府県">
            <value/>
          </Data>
          <Data name="市区町村">
            <value/>
          </Data>
          <Data name="住所">
            <value/>
          </Data>
        </ExtendedData>
        <Point>
          <coordinates>
            139.8295374,38.7172194,0
          </coordinates>
        </Point>
      </Placemark>
      <Placemark>
        <name>ENEOS Dr.Drive鶴岡道形店／ヤマリョー（株）</name>
        <description><![CDATA[説明: <br>エリア内件数: <br>都道府県: <br>市区町村: <br>住所: ]]></description>
        <styleUrl>#icon-1581-FF5252</styleUrl>
        <ExtendedData>
          <Data name="説明">
            <value/>
          </Data>
          <Data name="エリア内件数">
            <value/>
          </Data>
          <Data name="都道府県">
            <value/>
          </Data>
          <Data name="市区町村">
            <value/>
          </Data>
          <Data name="住所">
            <value/>
          </Data>
        </ExtendedData>
        <Point>
          <coordinates>
            139.8430908,38.7455603,0
          </coordinates>
        </Point>
      </Placemark>
      <Placemark>
        <name>ENEOS Dr.Driveサンポートちわら店／荘内エネルギー（株）</name>
        <description><![CDATA[説明: <br>エリア内件数: <br>都道府県: <br>市区町村: <br>住所: ]]></description>
        <styleUrl>#icon-1581-FF5252</styleUrl>
        <ExtendedData>
          <Data name="説明">
            <value/>
          </Data>
          <Data name="エリア内件数">
            <value/>
          </Data>
          <Data name="都道府県">
            <value/>
          </Data>
          <Data name="市区町村">
            <value/>
          </Data>
          <Data name="住所">
            <value/>
          </Data>
        </ExtendedData>
        <Point>
          <coordinates>
            139.8440657,38.755706,0
          </coordinates>
        </Point>
      </Placemark>
      <Placemark>
        <name>ENEOS さくらSS / (株)西形商店</name>
        <description><![CDATA[説明: <br>エリア内件数: <br>都道府県: <br>市区町村: <br>住所: ]]></description>
        <styleUrl>#icon-1581-FF5252</styleUrl>
        <ExtendedData>
          <Data name="説明">
            <value/>
          </Data>
          <Data name="エリア内件数">
            <value/>
          </Data>
          <Data name="都道府県">
            <value/>
          </Data>
          <Data name="市区町村">
            <value/>
          </Data>
          <Data name="住所">
            <value/>
          </Data>
        </ExtendedData>
        <Point>
          <coordinates>
            140.4058744,37.7352882,0
          </coordinates>
        </Point>
      </Placemark>
      <Placemark>
        <name>ENEOS ビッグウェーブSS / (有)大波商店</name>
        <description><![CDATA[説明: <br>エリア内件数: <br>都道府県: <br>市区町村: <br>住所: ]]></description>
        <styleUrl>#icon-1581-FF5252</styleUrl>
        <ExtendedData>
          <Data name="説明">
            <value/>
          </Data>
          <Data name="エリア内件数">
            <value/>
          </Data>
          <Data name="都道府県">
            <value/>
          </Data>
          <Data name="市区町村">
            <value/>
          </Data>
          <Data name="住所">
            <value/>
          </Data>
        </ExtendedData>
        <Point>
          <coordinates>
            140.5604409,37.7580087,0
          </coordinates>
        </Point>
      </Placemark>
      <Placemark>
        <name>ENEOS 大笹生SS／㈲油井商店</name>
        <description><![CDATA[説明: <br>エリア内件数: <br>都道府県: <br>市区町村: <br>住所: ]]></description>
        <styleUrl>#icon-1581-FF5252</styleUrl>
        <ExtendedData>
          <Data name="説明">
            <value/>
          </Data>
          <Data name="エリア内件数">
            <value/>
          </Data>
          <Data name="都道府県">
            <value/>
          </Data>
          <Data name="市区町村">
            <value/>
          </Data>
          <Data name="住所">
            <value/>
          </Data>
        </ExtendedData>
        <Point>
          <coordinates>
            140.4003512,37.7939819,0
          </coordinates>
        </Point>
      </Placemark>
      <Placemark>
        <name>ENEOS Dr.Driveサンポートみずほ店／荘内エネルギー（株）</name>
        <description><![CDATA[説明: <br>エリア内件数: <br>都道府県: <br>市区町村: <br>住所: ]]></description>
        <styleUrl>#icon-1581-FF5252</styleUrl>
        <ExtendedData>
          <Data name="説明">
            <value/>
          </Data>
          <Data name="エリア内件数">
            <value/>
          </Data>
          <Data name="都道府県">
            <value/>
          </Data>
          <Data name="市区町村">
            <value/>
          </Data>
          <Data name="住所">
            <value/>
          </Data>
        </ExtendedData>
        <Point>
          <coordinates>
            139.8535031,38.902126,0
          </coordinates>
        </Point>
      </Placemark>
      <Placemark>
        <name>ENEOS Dr.Driveサンポートあずま店／荘内エネルギー（株）</name>
        <description><![CDATA[説明: <br>エリア内件数: <br>都道府県: <br>市区町村: <br>住所: ]]></description>
        <styleUrl>#icon-1581-FF5252</styleUrl>
        <ExtendedData>
          <Data name="説明">
            <value/>
          </Data>
          <Data name="エリア内件数">
            <value/>
          </Data>
          <Data name="都道府県">
            <value/>
          </Data>
          <Data name="市区町村">
            <value/>
          </Data>
          <Data name="住所">
            <value/>
          </Data>
        </ExtendedData>
        <Point>
          <coordinates>
            139.8627127,38.9064393,0
          </coordinates>
        </Point>
      </Placemark>
      <Placemark>
        <name>ENEOS Dr.Driveサンポートいずみ店／荘内エネルギー（株）</name>
        <description><![CDATA[説明: <br>エリア内件数: <br>都道府県: <br>市区町村: <br>住所: ]]></description>
        <styleUrl>#icon-1581-FF5252</styleUrl>
        <ExtendedData>
          <Data name="説明">
            <value/>
          </Data>
          <Data name="エリア内件数">
            <value/>
          </Data>
          <Data name="都道府県">
            <value/>
          </Data>
          <Data name="市区町村">
            <value/>
          </Data>
          <Data name="住所">
            <value/>
          </Data>
        </ExtendedData>
        <Point>
          <coordinates>
            139.8496407,38.93045,0
          </coordinates>
        </Point>
      </Placemark>
      <Placemark>
        <name>ENEOS 城南SS／（株）栗林商店</name>
        <description><![CDATA[説明: <br>エリア内件数: <br>都道府県: <br>市区町村: <br>住所: ]]></description>
        <styleUrl>#icon-1581-FF5252</styleUrl>
        <ExtendedData>
          <Data name="説明">
            <value/>
          </Data>
          <Data name="エリア内件数">
            <value/>
          </Data>
          <Data name="都道府県">
            <value/>
          </Data>
          <Data name="市区町村">
            <value/>
          </Data>
          <Data name="住所">
            <value/>
          </Data>
        </ExtendedData>
        <Point>
          <coordinates>
            139.9347361,37.4789823,0
          </coordinates>
        </Point>
      </Placemark>
      <Placemark>
        <name>ENEOS / (株)栗林商店 大町SS</name>
        <description><![CDATA[説明: <br>エリア内件数: <br>都道府県: <br>市区町村: <br>住所: ]]></description>
        <styleUrl>#icon-1581-FF5252</styleUrl>
        <ExtendedData>
          <Data name="説明">
            <value/>
          </Data>
          <Data name="エリア内件数">
            <value/>
          </Data>
          <Data name="都道府県">
            <value/>
          </Data>
          <Data name="市区町村">
            <value/>
          </Data>
          <Data name="住所">
            <value/>
          </Data>
        </ExtendedData>
        <Point>
          <coordinates>
            139.929751,37.503978,0
          </coordinates>
        </Point>
      </Placemark>
      <Placemark>
        <name>ENEOS Dr.Drive愛子店（ヤマリョー）</name>
        <description><![CDATA[説明: <br>エリア内件数: <br>都道府県: <br>市区町村: <br>住所: ]]></description>
        <styleUrl>#icon-1581-FF5252</styleUrl>
        <ExtendedData>
          <Data name="説明">
            <value/>
          </Data>
          <Data name="エリア内件数">
            <value/>
          </Data>
          <Data name="都道府県">
            <value/>
          </Data>
          <Data name="市区町村">
            <value/>
          </Data>
          <Data name="住所">
            <value/>
          </Data>
        </ExtendedData>
        <Point>
          <coordinates>
            140.7426505,38.2732705,0
          </coordinates>
        </Point>
      </Placemark>
      <Placemark>
        <name>ENEOS Dr.Drive仙台卸町店／ヤマリョー（株）</name>
        <description><![CDATA[説明: <br>エリア内件数: <br>都道府県: <br>市区町村: <br>住所: ]]></description>
        <styleUrl>#icon-1581-FF5252</styleUrl>
        <ExtendedData>
          <Data name="説明">
            <value/>
          </Data>
          <Data name="エリア内件数">
            <value/>
          </Data>
          <Data name="都道府県">
            <value/>
          </Data>
          <Data name="市区町村">
            <value/>
          </Data>
          <Data name="住所">
            <value/>
          </Data>
        </ExtendedData>
        <Point>
          <coordinates>
            140.9284464,38.2608729,0
          </coordinates>
        </Point>
      </Placemark>
      <Placemark>
        <name>ENEOS Dr.Drive花沢R13店／ヤマリョー（株）</name>
        <description><![CDATA[説明: <br>エリア内件数: <br>都道府県: <br>市区町村: <br>住所: ]]></description>
        <styleUrl>#icon-1581-FF5252</styleUrl>
        <ExtendedData>
          <Data name="説明">
            <value/>
          </Data>
          <Data name="エリア内件数">
            <value/>
          </Data>
          <Data name="都道府県">
            <value/>
          </Data>
          <Data name="市区町村">
            <value/>
          </Data>
          <Data name="住所">
            <value/>
          </Data>
        </ExtendedData>
        <Point>
          <coordinates>
            140.129927,37.919866,0
          </coordinates>
        </Point>
      </Placemark>
      <Placemark>
        <name>ENEOS 山形空港前SS／上村石油(株)</name>
        <description><![CDATA[説明: <br>エリア内件数: <br>都道府県: <br>市区町村: <br>住所: ]]></description>
        <styleUrl>#icon-1581-FF5252</styleUrl>
        <ExtendedData>
          <Data name="説明">
            <value/>
          </Data>
          <Data name="エリア内件数">
            <value/>
          </Data>
          <Data name="都道府県">
            <value/>
          </Data>
          <Data name="市区町村">
            <value/>
          </Data>
          <Data name="住所">
            <value/>
          </Data>
        </ExtendedData>
        <Point>
          <coordinates>
            140.3734928,38.4020129,0
          </coordinates>
        </Point>
      </Placemark>
      <Placemark>
        <name>ENEOS / 上村石油(株) 谷地ＳＳ</name>
        <description><![CDATA[説明: <br>エリア内件数: <br>都道府県: <br>市区町村: <br>住所: ]]></description>
        <styleUrl>#icon-1581-FF5252</styleUrl>
        <ExtendedData>
          <Data name="説明">
            <value/>
          </Data>
          <Data name="エリア内件数">
            <value/>
          </Data>
          <Data name="都道府県">
            <value/>
          </Data>
          <Data name="市区町村">
            <value/>
          </Data>
          <Data name="住所">
            <value/>
          </Data>
        </ExtendedData>
        <Point>
          <coordinates>
            140.3130174,38.4153713,0
          </coordinates>
        </Point>
      </Placemark>
      <Placemark>
        <name>ENEOS 新庄バイパスSS／(株)マルヨシ燃料</name>
        <description><![CDATA[説明: <br>エリア内件数: <br>都道府県: <br>市区町村: <br>住所: ]]></description>
        <styleUrl>#icon-1581-FF5252</styleUrl>
        <ExtendedData>
          <Data name="説明">
            <value/>
          </Data>
          <Data name="エリア内件数">
            <value/>
          </Data>
          <Data name="都道府県">
            <value/>
          </Data>
          <Data name="市区町村">
            <value/>
          </Data>
          <Data name="住所">
            <value/>
          </Data>
        </ExtendedData>
        <Point>
          <coordinates>
            140.3104072,38.7498006,0
          </coordinates>
        </Point>
      </Placemark>
      <Placemark>
        <name>ENEOS / (株)やまさ 山都三津合ＳＳ</name>
        <description><![CDATA[説明: <br>エリア内件数: <br>都道府県: <br>市区町村: <br>住所: ]]></description>
        <styleUrl>#icon-1581-FF5252</styleUrl>
        <ExtendedData>
          <Data name="説明">
            <value/>
          </Data>
          <Data name="エリア内件数">
            <value/>
          </Data>
          <Data name="都道府県">
            <value/>
          </Data>
          <Data name="市区町村">
            <value/>
          </Data>
          <Data name="住所">
            <value/>
          </Data>
        </ExtendedData>
        <Point>
          <coordinates>
            139.7626455,37.6274022,0
          </coordinates>
        </Point>
      </Placemark>
      <Placemark>
        <name>ENEOS 野口記念館SS／（株）栗林商店</name>
        <description><![CDATA[説明: <br>エリア内件数: <br>都道府県: <br>市区町村: <br>住所: ]]></description>
        <styleUrl>#icon-1581-FF5252</styleUrl>
        <ExtendedData>
          <Data name="説明">
            <value/>
          </Data>
          <Data name="エリア内件数">
            <value/>
          </Data>
          <Data name="都道府県">
            <value/>
          </Data>
          <Data name="市区町村">
            <value/>
          </Data>
          <Data name="住所">
            <value/>
          </Data>
        </ExtendedData>
        <Point>
          <coordinates>
            140.0774571,37.5364206,0
          </coordinates>
        </Point>
      </Placemark>
      <Placemark>
        <name>ENEOS EneJet 志津川インターSS／丸伊伊藤屋（株）</name>
        <description><![CDATA[説明: <br>エリア内件数: <br>都道府県: <br>市区町村: <br>住所: ]]></description>
        <styleUrl>#icon-1581-FF5252</styleUrl>
        <ExtendedData>
          <Data name="説明">
            <value/>
          </Data>
          <Data name="エリア内件数">
            <value/>
          </Data>
          <Data name="都道府県">
            <value/>
          </Data>
          <Data name="市区町村">
            <value/>
          </Data>
          <Data name="住所">
            <value/>
          </Data>
        </ExtendedData>
        <Point>
          <coordinates>
            141.4329397,38.6888962,0
          </coordinates>
        </Point>
      </Placemark>
    </Folder>
    <Folder>
      <name>関東（東京 神奈川 埼玉 千葉 茨城 栃木 群馬）</name>
      <Placemark>
        <name>ENEOS 北馬込SS／日新商事（株）東京支店</name>
        <styleUrl>#icon-1581-FF5252-nodesc</styleUrl>
        <Point>
          <coordinates>
            139.7074208,35.6010401,0
          </coordinates>
        </Point>
      </Placemark>
      <Placemark>
        <name>ENEOS 大森北SS／山文商事（株）東京支店</name>
        <styleUrl>#icon-1581-FF5252-nodesc</styleUrl>
        <Point>
          <coordinates>
            139.729299,35.582582,0
          </coordinates>
        </Point>
      </Placemark>
      <Placemark>
        <name>ENEOS Dr.Drive平和島SS (高橋商店)</name>
        <styleUrl>#icon-1581-FF5252-nodesc</styleUrl>
        <Point>
          <coordinates>
            139.747056,35.5763103,0
          </coordinates>
        </Point>
      </Placemark>
      <Placemark>
        <name>ENEOS Dr.Drive羽田SS (高橋商店)</name>
        <styleUrl>#icon-1581-FF5252-nodesc</styleUrl>
        <Point>
          <coordinates>
            139.7505089,35.5512011,0
          </coordinates>
        </Point>
      </Placemark>
      <Placemark>
        <name>ENEOS Dr.Drive月島SS／東新エナジ－（株）</name>
        <styleUrl>#icon-1581-FF5252-nodesc</styleUrl>
        <Point>
          <coordinates>
            139.78518,35.6650604,0
          </coordinates>
        </Point>
      </Placemark>
      <Placemark>
        <name>ENEOS Dr.Drive本石町SS（隅田商事）</name>
        <styleUrl>#icon-1581-FF5252-nodesc</styleUrl>
        <Point>
          <coordinates>
            139.7693557,35.6885521,0
          </coordinates>
        </Point>
      </Placemark>
      <Placemark>
        <name>ENEOS Dr.Drive茅場町SS（隅田商事）</name>
        <styleUrl>#icon-1581-FF5252-nodesc</styleUrl>
        <Point>
          <coordinates>
            139.7770166,35.6785798,0
          </coordinates>
        </Point>
      </Placemark>
      <Placemark>
        <name>ENEOS 飛鳥山SS／日新商事（株）東京支店</name>
        <styleUrl>#icon-1581-FF5252-nodesc</styleUrl>
        <Point>
          <coordinates>
            139.7308944,35.7486703,0
          </coordinates>
        </Point>
      </Placemark>
      <Placemark>
        <name>ENEOS 新田端SS／日新商事（株）東京支店</name>
        <styleUrl>#icon-1581-FF5252-nodesc</styleUrl>
        <Point>
          <coordinates>
            139.7626451,35.7425884,0
          </coordinates>
        </Point>
      </Placemark>
      <Placemark>
        <name>ENEOS ハイウェル上高井戸SS (斉藤商店)</name>
        <styleUrl>#icon-1581-FF5252-nodesc</styleUrl>
        <Point>
          <coordinates>
            139.611652,35.672173,0
          </coordinates>
        </Point>
      </Placemark>
      <Placemark>
        <name>ENEOS Dr.Driveメテオ船橋インター店／千葉日石（株）</name>
        <styleUrl>#icon-1581-FF5252-nodesc</styleUrl>
        <Point>
          <coordinates>
            139.9778736,35.6984663,0
          </coordinates>
        </Point>
      </Placemark>
      <Placemark>
        <name>ENEOS Dr.Driveメテオ西船店／千葉日石（株）</name>
        <styleUrl>#icon-1581-FF5252-nodesc</styleUrl>
        <Point>
          <coordinates>
            139.9702291,35.7135383,0
          </coordinates>
        </Point>
      </Placemark>
      <Placemark>
        <name>ENEOS EneJet Dr.Driveメテオ野田店／千葉日石（株）</name>
        <styleUrl>#icon-1581-FF5252-nodesc</styleUrl>
        <Point>
          <coordinates>
            139.8514079,35.9466861,0
          </coordinates>
        </Point>
      </Placemark>
      <Placemark>
        <name>ENEOS 稲荷松SS（北総石油）</name>
        <styleUrl>#icon-1581-FF5252-nodesc</styleUrl>
        <Point>
          <coordinates>
            139.8648387,35.9741592,0
          </coordinates>
        </Point>
      </Placemark>
      <Placemark>
        <name>ENEOS EneJet Dr.Driveメテオ舞浜リゾート店／千葉日石（株）</name>
        <styleUrl>#icon-1581-FF5252-nodesc</styleUrl>
        <Point>
          <coordinates>
            139.8787574,35.6399024,0
          </coordinates>
        </Point>
      </Placemark>
      <Placemark>
        <name>ENEOS セルフ西白井SS／（株）千東商店</name>
        <styleUrl>#icon-1581-FF5252-nodesc</styleUrl>
        <Point>
          <coordinates>
            140.0268843,35.779384,0
          </coordinates>
        </Point>
      </Placemark>
      <Placemark>
        <name>ENEOS セルフ東茂原SS／（有）椎野石油</name>
        <styleUrl>#icon-1581-FF5252-nodesc</styleUrl>
        <Point>
          <coordinates>
            140.3134166,35.4156805,0
          </coordinates>
        </Point>
      </Placemark>
      <Placemark>
        <name>ENEOS Dr.Drive銚子SS／大岩石油（株）</name>
        <styleUrl>#icon-1581-FF5252-nodesc</styleUrl>
        <Point>
          <coordinates>
            140.8231389,35.7349733,0
          </coordinates>
        </Point>
      </Placemark>
      <Placemark>
        <name>ENEOS 草加柳島SS（ビクトリー）</name>
        <styleUrl>#icon-1581-FF5252-nodesc</styleUrl>
        <Point>
          <coordinates>
            139.7853799,35.8196329,0
          </coordinates>
        </Point>
      </Placemark>
      <Placemark>
        <name>ENEOS 草加南SS (草加石油)</name>
        <styleUrl>#icon-1581-FF5252-nodesc</styleUrl>
        <Point>
          <coordinates>
            139.8023607,35.8101692,0
          </coordinates>
        </Point>
      </Placemark>
      <Placemark>
        <name>ENEOS 上尾SS / 三興石油(有)</name>
        <styleUrl>#icon-1581-FF5252-nodesc</styleUrl>
        <Point>
          <coordinates>
            139.5999273,35.9603911,0
          </coordinates>
        </Point>
      </Placemark>
      <Placemark>
        <name>ENEOS EneJet アボーステーション八潮ロードSS／埼玉日石ホールディングス（株）</name>
        <styleUrl>#icon-1581-FF5252-nodesc</styleUrl>
        <Point>
          <coordinates>
            139.8275946,35.8158786,0
          </coordinates>
        </Point>
      </Placemark>
      <Placemark>
        <name>ENEOS ヨンク和光SS（CAPITA）/ キーパープロショップ）</name>
        <styleUrl>#icon-1581-FF5252-nodesc</styleUrl>
        <Point>
          <coordinates>
            139.6172813,35.7828837,0
          </coordinates>
        </Point>
      </Placemark>
      <Placemark>
        <name>ENEOS Dr.Driveスマイル川口安行店／（株）鹿島屋</name>
        <styleUrl>#icon-1581-FF5252-nodesc</styleUrl>
        <Point>
          <coordinates>
            139.7645167,35.8505027,0
          </coordinates>
        </Point>
      </Placemark>
      <Placemark>
        <name>ENEOS 戸田中央SS／日新商事（株）東京支店</name>
        <styleUrl>#icon-1581-FF5252-nodesc</styleUrl>
        <Point>
          <coordinates>
            139.6792472,35.8162375,0
          </coordinates>
        </Point>
      </Placemark>
      <Placemark>
        <name>ENEOS／㈲池田油店 春日部SS</name>
        <styleUrl>#icon-1581-FF5252-nodesc</styleUrl>
        <Point>
          <coordinates>
            139.7545003,35.9924311,0
          </coordinates>
        </Point>
      </Placemark>
      <Placemark>
        <name>ENEOS 志木SS／日新商事（株）東京支店</name>
        <styleUrl>#icon-1581-FF5252-nodesc</styleUrl>
        <Point>
          <coordinates>
            139.5766141,35.8015701,0
          </coordinates>
        </Point>
      </Placemark>
      <Placemark>
        <name>ENEOS Dr.Drive学園稲岡SS／（株）宇田川コーポレーション</name>
        <styleUrl>#icon-1581-FF5252-nodesc</styleUrl>
        <Point>
          <coordinates>
            140.1388303,36.0361733,0
          </coordinates>
        </Point>
      </Placemark>
      <Placemark>
        <name>ENEOS 取手SS／宇田川（株）</name>
        <styleUrl>#icon-1581-FF5252-nodesc</styleUrl>
        <Point>
          <coordinates>
            140.0610169,35.8983311,0
          </coordinates>
        </Point>
      </Placemark>
      <Placemark>
        <name>ENEOS Dr.Drive土浦西SS／（株）宇田川コーポレーション</name>
        <styleUrl>#icon-1581-FF5252-nodesc</styleUrl>
        <Point>
          <coordinates>
            140.1883542,36.0849846,0
          </coordinates>
        </Point>
      </Placemark>
      <Placemark>
        <name>ENEOS / 佐藤燃料(株) 安中南SS</name>
        <styleUrl>#icon-1581-FF5252-nodesc</styleUrl>
        <Point>
          <coordinates>
            138.8939995,36.3217409,0
          </coordinates>
        </Point>
      </Placemark>
      <Placemark>
        <name>ENEOS 高円寺SS／日新商事（株）東京支店</name>
        <styleUrl>#icon-1581-FF5252-nodesc</styleUrl>
        <Point>
          <coordinates>
            139.6544589,35.7026246,0
          </coordinates>
        </Point>
      </Placemark>
      <Placemark>
        <name>ENEOS 駒沢通り八雲SS／日新商事（株）東京支店</name>
        <styleUrl>#icon-1581-FF5252-nodesc</styleUrl>
        <Point>
          <coordinates>
            139.6699131,35.6255469,0
          </coordinates>
        </Point>
      </Placemark>
      <Placemark>
        <name>ENEOS 目黒SS／青木石油商事（株）</name>
        <styleUrl>#icon-1581-FF5252-nodesc</styleUrl>
        <Point>
          <coordinates>
            139.6878046,35.624599,0
          </coordinates>
        </Point>
      </Placemark>
      <Placemark>
        <name>ENEOS 青山SS／東新エナジー（株）</name>
        <styleUrl>#icon-1581-FF5252-nodesc</styleUrl>
        <Point>
          <coordinates>
            139.7130113,35.6716544,0
          </coordinates>
        </Point>
      </Placemark>
      <Placemark>
        <name>ENEOS Dr.Driveカ－トピア田無SS（泰正社）</name>
        <styleUrl>#icon-1581-FF5252-nodesc</styleUrl>
        <Point>
          <coordinates>
            139.5436326,35.7384556,0
          </coordinates>
        </Point>
      </Placemark>
      <Placemark>
        <name>ENEOS 赤堤SS／日新商事（株）東京支店</name>
        <styleUrl>#icon-1581-FF5252-nodesc</styleUrl>
        <Point>
          <coordinates>
            139.6377985,35.657239,0
          </coordinates>
        </Point>
      </Placemark>
      <Placemark>
        <name>ENEOS わくわくステーション鷺宮SS (坂上石油)</name>
        <styleUrl>#icon-1581-FF5252-nodesc</styleUrl>
        <Point>
          <coordinates>
            139.6323484,35.7352151,0
          </coordinates>
        </Point>
      </Placemark>
      <Placemark>
        <name>ENEOS Dr.Driveセルフ東神田SS／隅田商事（株）</name>
        <styleUrl>#icon-1581-FF5252-nodesc</styleUrl>
        <Point>
          <coordinates>
            139.7824245,35.6949792,0
          </coordinates>
        </Point>
      </Placemark>
      <Placemark>
        <name>ENEOS Dr.Drive本所SS／青木石油商事（株）</name>
        <styleUrl>#icon-1581-FF5252-nodesc</styleUrl>
        <Point>
          <coordinates>
            139.8092306,35.7011119,0
          </coordinates>
        </Point>
      </Placemark>
      <Placemark>
        <name>ENEOS 余丁SS／日新商事（株）東京支店</name>
        <styleUrl>#icon-1581-FF5252-nodesc</styleUrl>
        <Point>
          <coordinates>
            139.7147925,35.6976338,0
          </coordinates>
        </Point>
      </Placemark>
      <Placemark>
        <name>ENEOS Dr.Drive見次公園店（川端石油）</name>
        <styleUrl>#icon-1581-FF5252-nodesc</styleUrl>
        <Point>
          <coordinates>
            139.6908805,35.7695384,0
          </coordinates>
        </Point>
      </Placemark>
      <Placemark>
        <name>ENEOS ソニックスDr.Drive江東住吉SS（ソニックス）</name>
        <styleUrl>#icon-1581-FF5252-nodesc</styleUrl>
        <Point>
          <coordinates>
            139.8105787,35.6885069,0
          </coordinates>
        </Point>
      </Placemark>
      <Placemark>
        <name>ENEOS 東名横浜東SS／第一産業（株）</name>
        <styleUrl>#icon-1581-FF5252-nodesc</styleUrl>
        <Point>
          <coordinates>
            139.5021075,35.4959195,0
          </coordinates>
        </Point>
      </Placemark>
      <Placemark>
        <name>ENEOS 高樹町SS／山文商事（株）東京支店</name>
        <styleUrl>#icon-1581-FF5252-nodesc</styleUrl>
        <Point>
          <coordinates>
            139.7151485,35.6587299,0
          </coordinates>
        </Point>
      </Placemark>
      <Placemark>
        <name>ENEOS 立石SS (坂上石油)</name>
        <styleUrl>#icon-1581-FF5252-nodesc</styleUrl>
        <Point>
          <coordinates>
            139.8537525,35.741469,0
          </coordinates>
        </Point>
      </Placemark>
      <Placemark>
        <name>ENEOS EneJet サンリッチ希望が丘SS／（株）豊商会</name>
        <styleUrl>#icon-1581-FF5252-nodesc</styleUrl>
        <Point>
          <coordinates>
            139.5125945,35.4613384,0
          </coordinates>
        </Point>
      </Placemark>
      <Placemark>
        <name>ENEOS セルフ本郷台南SS／日新商事（株）横浜支店</name>
        <styleUrl>#icon-1581-FF5252-nodesc</styleUrl>
        <Point>
          <coordinates>
            139.5502074,35.3613856,0
          </coordinates>
        </Point>
      </Placemark>
      <Placemark>
        <name>ENEOS 日吉SS（安斉商店）</name>
        <styleUrl>#icon-1581-FF5252-nodesc</styleUrl>
        <Point>
          <coordinates>
            139.6453456,35.5480233,0
          </coordinates>
        </Point>
      </Placemark>
      <Placemark>
        <name>ENEOS 鴨居SS／岩岡商事（株）</name>
        <styleUrl>#icon-1581-FF5252-nodesc</styleUrl>
        <Point>
          <coordinates>
            139.5682444,35.5094778,0
          </coordinates>
        </Point>
      </Placemark>
      <Placemark>
        <name>ENEOS EneJet セルフDr.Drive134久里浜SS／湘南菱油（株）</name>
        <styleUrl>#icon-1581-FF5252-nodesc</styleUrl>
        <Point>
          <coordinates>
            139.7000457,35.2259369,0
          </coordinates>
        </Point>
      </Placemark>
      <Placemark>
        <name>ENEOS セルフDr.Drive佐原SS／湘南菱油（株）</name>
        <styleUrl>#icon-1581-FF5252-nodesc</styleUrl>
        <Point>
          <coordinates>
            139.6800336,35.2414271,0
          </coordinates>
        </Point>
      </Placemark>
      <Placemark>
        <name>ENEOS セルフDr.Drive日の出町SS／湘南菱油（株）</name>
        <styleUrl>#icon-1581-FF5252-nodesc</styleUrl>
        <Point>
          <coordinates>
            139.6773932,35.2770415,0
          </coordinates>
        </Point>
      </Placemark>
      <Placemark>
        <name>ENEOS セルフDr.Drive田浦SS／湘南菱油（株）</name>
        <styleUrl>#icon-1581-FF5252-nodesc</styleUrl>
        <Point>
          <coordinates>
            139.6336623,35.2927186,0
          </coordinates>
        </Point>
      </Placemark>
      <Placemark>
        <name>ENEOS セルフ長井SS／（株）下浦石油</name>
        <styleUrl>#icon-1581-FF5252-nodesc</styleUrl>
        <Point>
          <coordinates>
            139.6167359,35.2074465,0
          </coordinates>
        </Point>
      </Placemark>
      <Placemark>
        <name>ENEOS Dr.Driveセルフ藤沢南SS／（株）サンオータス</name>
        <styleUrl>#icon-1581-FF5252-nodesc</styleUrl>
        <Point>
          <coordinates>
            139.4958164,35.3339078,0
          </coordinates>
        </Point>
      </Placemark>
      <Placemark>
        <name>ENEOS Dr.Drive秋葉台SS／湘南菱油（株）</name>
        <styleUrl>#icon-1581-FF5252-nodesc</styleUrl>
        <Point>
          <coordinates>
            139.4494357,35.3808873,0
          </coordinates>
        </Point>
      </Placemark>
      <Placemark>
        <name>ENEOS セルフDr.Drive辻堂西海岸SS／湘南菱油（株）</name>
        <styleUrl>#icon-1581-FF5252-nodesc</styleUrl>
        <Point>
          <coordinates>
            139.442278,35.3252932,0
          </coordinates>
        </Point>
      </Placemark>
      <Placemark>
        <name>ENEOS 大雄山SS／足柄菱油（株）</name>
        <styleUrl>#icon-1581-FF5252-nodesc</styleUrl>
        <Point>
          <coordinates>
            139.1044935,35.3180585,0
          </coordinates>
        </Point>
      </Placemark>
      <Placemark>
        <name>ENEOS Dr.Driveヨンク菅馬場店（CAPITA）</name>
        <styleUrl>#icon-1581-FF5252-nodesc</styleUrl>
        <Point>
          <coordinates>
            139.5372973,35.6249242,0
          </coordinates>
        </Point>
      </Placemark>
      <Placemark>
        <name>ENEOS 東名秦野インターSS／（有）高橋石油店</name>
        <styleUrl>#icon-1581-FF5252-nodesc</styleUrl>
        <Point>
          <coordinates>
            139.2336663,35.3619841,0
          </coordinates>
        </Point>
      </Placemark>
      <Placemark>
        <name>ENEOS 大井松田インター店（ENEOSモビリニア）</name>
        <styleUrl>#icon-1581-FF5252-nodesc</styleUrl>
        <Point>
          <coordinates>
            139.1548008,35.3334364,0
          </coordinates>
        </Point>
      </Placemark>
      <Placemark>
        <name>ENEOS EneJet セルフDr.Drive鎌倉SS／湘南菱油（株）</name>
        <styleUrl>#icon-1581-FF5252-nodesc</styleUrl>
        <Point>
          <coordinates>
            139.5465077,35.3099474,0
          </coordinates>
        </Point>
      </Placemark>
      <Placemark>
        <name>ENEOS 柏インターSS／宇田川（株）</name>
        <styleUrl>#icon-1581-FF5252-nodesc</styleUrl>
        <Point>
          <coordinates>
            139.9425266,35.9068358,0
          </coordinates>
        </Point>
      </Placemark>
      <Placemark>
        <name>ENEOS Dr.Drive柏北店／宇田川（株）</name>
        <styleUrl>#icon-1581-FF5252-nodesc</styleUrl>
        <Point>
          <coordinates>
            139.9819726,35.8819311,0
          </coordinates>
        </Point>
      </Placemark>
      <Placemark>
        <name>ENEOS Dr.Driveニュー柏店／宇田川（株）</name>
        <styleUrl>#icon-1581-FF5252-nodesc</styleUrl>
        <Point>
          <coordinates>
            139.9702273,35.874252,0
          </coordinates>
        </Point>
      </Placemark>
    </Folder>
    <Folder>
      <name>東海 甲信（愛知 長野 静岡 岐阜 山梨 三重）</name>
      <Placemark>
        <name>ENEOS 上小田井SS／日新商事（株）名古屋支店</name>
        <styleUrl>#icon-1581-FF5252-nodesc</styleUrl>
        <Point>
          <coordinates>
            136.880039,35.219716,0
          </coordinates>
        </Point>
      </Placemark>
      <Placemark>
        <name>ENEOS Dr.Driveセルフ常滑SS（飯田石油店）</name>
        <styleUrl>#icon-1581-FF5252-nodesc</styleUrl>
        <Point>
          <coordinates>
            136.840327,34.900211,0
          </coordinates>
        </Point>
      </Placemark>
      <Placemark>
        <name>ENEOS 高蔵寺中央SS（吉田石油）</name>
        <styleUrl>#icon-1581-FF5252-nodesc</styleUrl>
        <Point>
          <coordinates>
            137.034102,35.265664,0
          </coordinates>
        </Point>
      </Placemark>
      <Placemark>
        <name>ENEOS Dr.Driveセルフけやき通りSS（日新商事）</name>
        <styleUrl>#icon-1581-FF5252-nodesc</styleUrl>
        <Point>
          <coordinates>
            137.028511,35.159111,0
          </coordinates>
        </Point>
      </Placemark>
      <Placemark>
        <name>ENEOS Dr.DriveセルフR21六条SS (岐阜日石)</name>
        <styleUrl>#icon-1581-FF5252-nodesc</styleUrl>
        <Point>
          <coordinates>
            136.745035,35.389164,0
          </coordinates>
        </Point>
      </Placemark>
      <Placemark>
        <name>ENEOS Dr.Driveセルフ岐阜則武SS (岐阜日石)</name>
        <styleUrl>#icon-1581-FF5252-nodesc</styleUrl>
        <Point>
          <coordinates>
            136.738877,35.440984,0
          </coordinates>
        </Point>
      </Placemark>
      <Placemark>
        <name>ENEOS Dr.Driveセルフ岐阜島 SS (岐阜日石)</name>
        <styleUrl>#icon-1581-FF5252-nodesc</styleUrl>
        <Point>
          <coordinates>
            136.727734,35.426755,0
          </coordinates>
        </Point>
      </Placemark>
      <Placemark>
        <name>ENEOS Dr.Driveセルフ県庁北SS（岐阜日石）</name>
        <styleUrl>#icon-1581-FF5252-nodesc</styleUrl>
        <Point>
          <coordinates>
            136.726724,35.397985,0
          </coordinates>
        </Point>
      </Placemark>
      <Placemark>
        <name>ENEOS Dr.Driveセルフ粟野東 SS (岐阜日石)</name>
        <styleUrl>#icon-1581-FF5252-nodesc</styleUrl>
        <Point>
          <coordinates>
            136.783585,35.481626,0
          </coordinates>
        </Point>
      </Placemark>
      <Placemark>
        <name>ENEOS Dr.Driveセルフ茜部大川SS (岐阜日石)</name>
        <styleUrl>#icon-1581-FF5252-nodesc</styleUrl>
        <Point>
          <coordinates>
            136.747378,35.381346,0
          </coordinates>
        </Point>
      </Placemark>
      <Placemark>
        <name>ENEOS Dr.Driveセルフ花園町SS (岐阜日石)</name>
        <styleUrl>#icon-1581-FF5252-nodesc</styleUrl>
        <Point>
          <coordinates>
            136.853535,35.40769,0
          </coordinates>
        </Point>
      </Placemark>
      <Placemark>
        <name>ENEOS Dr.Driveセルフ各務原店／岐阜日石㈱</name>
        <styleUrl>#icon-1581-FF5252-nodesc</styleUrl>
        <Point>
          <coordinates>
            136.895259,35.402685,0
          </coordinates>
        </Point>
      </Placemark>
      <Placemark>
        <name>ENEOS 中津川SS</name>
        <styleUrl>#icon-1581-FF5252-nodesc</styleUrl>
        <Point>
          <coordinates>
            137.49996,35.490409,0
          </coordinates>
        </Point>
      </Placemark>
      <Placemark>
        <name>ENEOS Dr.Driveセルフ可児店 (GNG)</name>
        <styleUrl>#icon-1581-FF5252-nodesc</styleUrl>
        <Point>
          <coordinates>
            137.04299,35.423298,0
          </coordinates>
        </Point>
      </Placemark>
      <Placemark>
        <name>ENEOS 松山SS (伊藤石油株式会社)</name>
        <styleUrl>#icon-1581-FF5252-nodesc</styleUrl>
        <Point>
          <coordinates>
            136.634337,35.153787,0
          </coordinates>
        </Point>
      </Placemark>
      <Placemark>
        <name>ENEOS Enejet Dr.Driveセルフみずほ中央店 岐阜日石（株）</name>
        <styleUrl>#icon-1581-FF5252-nodesc</styleUrl>
        <Point>
          <coordinates>
            136.666468,35.39522,0
          </coordinates>
        </Point>
      </Placemark>
      <Placemark>
        <name>ENEOS Dr.Driveセルフ岐南インターSS (岐阜日石)</name>
        <styleUrl>#icon-1581-FF5252-nodesc</styleUrl>
        <Point>
          <coordinates>
            136.785319,35.397043,0
          </coordinates>
        </Point>
      </Placemark>
      <Placemark>
        <name>ENEOS 磐田中央町SS（第一商事）</name>
        <styleUrl>#icon-1581-FF5252-nodesc</styleUrl>
        <Point>
          <coordinates>
            137.856606,34.717054,0
          </coordinates>
        </Point>
      </Placemark>
      <Placemark>
        <name>ENEOS 鳥之瀬SS（第一商事）</name>
        <styleUrl>#icon-1581-FF5252-nodesc</styleUrl>
        <Point>
          <coordinates>
            137.862968,34.712952,0
          </coordinates>
        </Point>
      </Placemark>
      <Placemark>
        <name>(株)ナガクラ ENEOS大仁橋給油所</name>
        <styleUrl>#icon-1581-FF5252-nodesc</styleUrl>
        <Point>
          <coordinates>
            138.942816,34.990237,0
          </coordinates>
        </Point>
      </Placemark>
      <Placemark>
        <name>ENEOS 岩渕SS (草ケ谷燃料)</name>
        <styleUrl>#icon-1581-FF5252-nodesc</styleUrl>
        <Point>
          <coordinates>
            138.619563,35.146294,0
          </coordinates>
        </Point>
      </Placemark>
      <Placemark>
        <name>ENEOS 袋井北SS（第一商事）</name>
        <styleUrl>#icon-1581-FF5252-nodesc</styleUrl>
        <Point>
          <coordinates>
            137.917446,34.761644,0
          </coordinates>
        </Point>
      </Placemark>
      <Placemark>
        <name>ENEOS 内牧SS (海野石油)</name>
        <styleUrl>#icon-1581-FF5252-nodesc</styleUrl>
        <Point>
          <coordinates>
            138.351784,35.016612,0
          </coordinates>
        </Point>
      </Placemark>
      <Placemark>
        <name>ENEOS Dr.Driveカーオアシス富士吉田中央SS (登り坂石油)</name>
        <styleUrl>#icon-1581-FF5252-nodesc</styleUrl>
        <Point>
          <coordinates>
            138.812169,35.485928,0
          </coordinates>
        </Point>
      </Placemark>
      <Placemark>
        <name>ENEOS 竜王SS (有泉輪業)</name>
        <styleUrl>#icon-1581-FF5252-nodesc</styleUrl>
        <Point>
          <coordinates>
            138.507477,35.664282,0
          </coordinates>
        </Point>
      </Placemark>
      <Placemark>
        <name>ENEOS 小浜SS（金田石油店）</name>
        <styleUrl>#icon-1581-FF5252-nodesc</styleUrl>
        <Point>
          <coordinates>
            137.3661085,34.7406657,0
          </coordinates>
        </Point>
      </Placemark>
      <Placemark>
        <name>カリスたかぎＳＳ 協同経営（みなみ信州）</name>
        <styleUrl>#icon-1581-FF5252-nodesc</styleUrl>
        <Point>
          <coordinates>
            137.8747642,35.5197544,0
          </coordinates>
        </Point>
      </Placemark>
      <Placemark>
        <name>JAみなみ信州 まつかわSS</name>
        <styleUrl>#icon-1581-FF5252-nodesc</styleUrl>
        <Point>
          <coordinates>
            137.9109395,35.5970129,0
          </coordinates>
        </Point>
      </Placemark>
      <Placemark>
        <name>ENEOS アイロードあなんSS／JAみなみ信州</name>
        <styleUrl>#icon-1581-FF5252-nodesc</styleUrl>
        <Point>
          <coordinates>
            137.811264,35.330794,0
          </coordinates>
        </Point>
      </Placemark>
      <Placemark>
        <name>JAみなみ信州 カーポートあちSS</name>
        <styleUrl>#icon-1581-FF5252-nodesc</styleUrl>
        <Point>
          <coordinates>
            137.7510696,35.452078,0
          </coordinates>
        </Point>
      </Placemark>
      <Placemark>
        <name>JAみなみ信州 市田SS</name>
        <styleUrl>#icon-1581-FF5252-nodesc</styleUrl>
        <Point>
          <coordinates>
            137.878103,35.5461163,0
          </coordinates>
        </Point>
      </Placemark>
      <Placemark>
        <name>ENEOS / 伊那石油(株) ナイスロードSS</name>
        <styleUrl>#icon-1581-FF5252-nodesc</styleUrl>
        <Point>
          <coordinates>
            137.9651525,35.8291875,0
          </coordinates>
        </Point>
      </Placemark>
      <Placemark>
        <name>ENEOS / 伊那石油(株) 伊那SS</name>
        <styleUrl>#icon-1581-FF5252-nodesc</styleUrl>
        <Point>
          <coordinates>
            137.964823,35.8466095,0
          </coordinates>
        </Point>
      </Placemark>
      <Placemark>
        <name>ENEOS グリーンロード春富SS／（株）オートパル上伊那</name>
        <styleUrl>#icon-1581-FF5252-nodesc</styleUrl>
        <Point>
          <coordinates>
            137.9689941,35.8232155,0
          </coordinates>
        </Point>
      </Placemark>
      <Placemark>
        <name>ENEOS 東部中央SS／（株）オートパル上伊那</name>
        <styleUrl>#icon-1581-FF5252-nodesc</styleUrl>
        <Point>
          <coordinates>
            138.0506674,35.8314103,0
          </coordinates>
        </Point>
      </Placemark>
      <Placemark>
        <name>JAあづみ 温ＳＳ</name>
        <styleUrl>#icon-1581-FF5252-nodesc</styleUrl>
        <Point>
          <coordinates>
            137.8825343,36.2536039,0
          </coordinates>
        </Point>
      </Placemark>
      <Placemark>
        <name>JAあづみ 烏川SS</name>
        <styleUrl>#icon-1581-FF5252-nodesc</styleUrl>
        <Point>
          <coordinates>
            137.8786087,36.2967796,0
          </coordinates>
        </Point>
      </Placemark>
      <Placemark>
        <name>ENEOS 有明SS／JAあづみ</name>
        <styleUrl>#icon-1581-FF5252-nodesc</styleUrl>
        <Point>
          <coordinates>
            137.8598854,36.3612743,0
          </coordinates>
        </Point>
      </Placemark>
      <Placemark>
        <name>JAあづみ 安曇野インターSS</name>
        <styleUrl>#icon-1581-FF5252-nodesc</styleUrl>
        <Point>
          <coordinates>
            137.9170944,36.3214242,0
          </coordinates>
        </Point>
      </Placemark>
      <Placemark>
        <name>JA松本ハイランド フルーツロードいまいSS</name>
        <styleUrl>#icon-1581-FF5252-nodesc</styleUrl>
        <Point>
          <coordinates>
            137.9018792,36.1496461,0
          </coordinates>
        </Point>
      </Placemark>
      <Placemark>
        <name>JA松本ハイランド 臨空セルフSS</name>
        <styleUrl>#icon-1581-FF5252-nodesc</styleUrl>
        <Point>
          <coordinates>
            137.903904,36.1950552,0
          </coordinates>
        </Point>
      </Placemark>
      <Placemark>
        <name>JA松本ハイランド セルフ島内SS</name>
        <styleUrl>#icon-1581-FF5252-nodesc</styleUrl>
        <Point>
          <coordinates>
            137.9272584,36.2362097,0
          </coordinates>
        </Point>
      </Placemark>
      <Placemark>
        <name>ENEOS 倭SS／JAあづみ</name>
        <styleUrl>#icon-1581-FF5252-nodesc</styleUrl>
        <Point>
          <coordinates>
            137.8914634,36.2331606,0
          </coordinates>
        </Point>
      </Placemark>
      <Placemark>
        <name>ENEOS おんたけSS／JA木曽</name>
        <styleUrl>#icon-1581-FF5252-nodesc</styleUrl>
        <Point>
          <coordinates>
            137.6822521,35.8209673,0
          </coordinates>
        </Point>
      </Placemark>
      <Placemark>
        <name>ENEOS / (株)コトブキ石油 スマイルスクエア箕輪SS</name>
        <styleUrl>#icon-1581-FF5252-nodesc</styleUrl>
        <Point>
          <coordinates>
            137.9906649,35.8972818,0
          </coordinates>
        </Point>
      </Placemark>
      <Placemark>
        <name>ENEOS サザンポートみのわセルフSS／（株）オートパル上伊那</name>
        <styleUrl>#icon-1581-FF5252-nodesc</styleUrl>
        <Point>
          <coordinates>
            137.9925162,35.9008436,0
          </coordinates>
        </Point>
      </Placemark>
      <Placemark>
        <name>ENEOS 七久保SS／（株）オートパル上伊那</name>
        <styleUrl>#icon-1581-FF5252-nodesc</styleUrl>
        <Point>
          <coordinates>
            137.9071558,35.6568736,0
          </coordinates>
        </Point>
      </Placemark>
      <Placemark>
        <name>JAみなみ信州 グリーンパーク座光寺SS</name>
        <styleUrl>#icon-1581-FF5252-nodesc</styleUrl>
        <Point>
          <coordinates>
            137.8613087,35.5309769,0
          </coordinates>
        </Point>
      </Placemark>
      <Placemark>
        <name>JAみなみ信州 グリーンパーク桐林SS</name>
        <styleUrl>#icon-1581-FF5252-nodesc</styleUrl>
        <Point>
          <coordinates>
            137.8268106,35.4744929,0
          </coordinates>
        </Point>
      </Placemark>
      <Placemark>
        <name>JAみなみ信州 グリーンパーク伊賀良SS</name>
        <styleUrl>#icon-1581-FF5252-nodesc</styleUrl>
        <Point>
          <coordinates>
            137.7918875,35.5018217,0
          </coordinates>
        </Point>
      </Placemark>
      <Placemark>
        <name>ENEOS / (有)福島石油商会 木曽福島SS</name>
        <styleUrl>#icon-1581-FF5252-nodesc</styleUrl>
        <Point>
          <coordinates>
            137.6906426,35.842538,0
          </coordinates>
        </Point>
      </Placemark>
      <Placemark>
        <name>ENEOS 軽井沢SS／JA佐久浅間</name>
        <styleUrl>#icon-1581-FF5252-nodesc</styleUrl>
        <Point>
          <coordinates>
            138.5911145,36.3372847,0
          </coordinates>
        </Point>
      </Placemark>
      <Placemark>
        <name>JA松本ハイランド 北小野SS</name>
        <styleUrl>#icon-1581-FF5252-nodesc</styleUrl>
        <Point>
          <coordinates>
            137.9701809,36.0518288,0
          </coordinates>
        </Point>
      </Placemark>
      <Placemark>
        <name>ENEOS グリーンロードやまがたSS／JA松本ハイランド</name>
        <styleUrl>#icon-1581-FF5252-nodesc</styleUrl>
        <Point>
          <coordinates>
            137.8795921,36.1669117,0
          </coordinates>
        </Point>
      </Placemark>
      <Placemark>
        <name>ENEOS 玉川SS／（株）あぐりライフ信州諏訪</name>
        <styleUrl>#icon-1581-FF5252-nodesc</styleUrl>
        <Point>
          <coordinates>
            138.1837905,35.9920964,0
          </coordinates>
        </Point>
      </Placemark>
      <Placemark>
        <name>ENEOS ふじみセルフSS／（株）あぐりライフ信州諏訪</name>
        <styleUrl>#icon-1581-FF5252-nodesc</styleUrl>
        <Point>
          <coordinates>
            138.2370558,35.9183183,0
          </coordinates>
        </Point>
      </Placemark>
      <Placemark>
        <name>ENEOS Dr.Drive丸山店（豊田石油）</name>
        <styleUrl>#icon-1581-FF5252-nodesc</styleUrl>
        <Point>
          <coordinates>
            137.149948,35.0585609,0
          </coordinates>
        </Point>
      </Placemark>
      <Placemark>
        <name>ENEOS 岩滝SCSS（岩滝産業）</name>
        <styleUrl>#icon-1581-FF5252-nodesc</styleUrl>
        <Point>
          <coordinates>
            137.2053504,35.1021022,0
          </coordinates>
        </Point>
      </Placemark>
      <Placemark>
        <name>ENEOS Dr.Drive御船店（豊田石油）</name>
        <styleUrl>#icon-1581-FF5252-nodesc</styleUrl>
        <Point>
          <coordinates>
            137.2011602,35.1399796,0
          </coordinates>
        </Point>
      </Placemark>
      <Placemark>
        <name>ENEOS Dr.Drive日之出店（豊田石油）</name>
        <styleUrl>#icon-1581-FF5252-nodesc</styleUrl>
        <Point>
          <coordinates>
            137.1628094,35.0906737,0
          </coordinates>
        </Point>
      </Placemark>
      <Placemark>
        <name>ENEOS Dr.Drive名岐店／大森石油（株）</name>
        <styleUrl>#icon-1581-FF5252-nodesc</styleUrl>
        <Point>
          <coordinates>
            136.8176384,35.3025126,0
          </coordinates>
        </Point>
      </Placemark>
      <Placemark>
        <name>ENEOS Dr.Driveいちのみや南店／大森石油（株）</name>
        <styleUrl>#icon-1581-FF5252-nodesc</styleUrl>
        <Point>
          <coordinates>
            136.8057874,35.2904224,0
          </coordinates>
        </Point>
      </Placemark>
      <Placemark>
        <name>ENEOS 小浜SS（金田石油店）</name>
        <styleUrl>#icon-1581-FF5252-nodesc</styleUrl>
        <Point>
          <coordinates>
            137.3661085,34.7406657,0
          </coordinates>
        </Point>
      </Placemark>
      <Placemark>
        <name>ENEOS 花中SS（金田石油店）</name>
        <styleUrl>#icon-1581-FF5252-nodesc</styleUrl>
        <Point>
          <coordinates>
            137.3850989,34.7540634,0
          </coordinates>
        </Point>
      </Placemark>
      <Placemark>
        <name>ENEOS Dr.Drive柳橋店／大森石油（株）</name>
        <styleUrl>#icon-1581-FF5252-nodesc</styleUrl>
        <Point>
          <coordinates>
            136.8905587,35.1657242,0
          </coordinates>
        </Point>
      </Placemark>
      <Placemark>
        <name>ENEOS 白鳥橋SS／山文商事（株）名古屋支店</name>
        <styleUrl>#icon-1581-FF5252-nodesc</styleUrl>
        <Point>
          <coordinates>
            136.9036001,35.1240109,0
          </coordinates>
        </Point>
      </Placemark>
    </Folder>
    <Folder>
      <name>北陸（富山 石川 福井）</name>
      <Placemark>
        <name>ENEOS / 大城エネルギー(株) Dr.Drive浜田町店</name>
        <styleUrl>#icon-1581-FF5252-nodesc</styleUrl>
        <Point>
          <coordinates>
            136.441461,36.406588,0
          </coordinates>
        </Point>
      </Placemark>
      <Placemark>
        <name>ENEOS / (株)丸新エネルギー Dr.Driveセルフ松崎SS</name>
        <styleUrl>#icon-1581-FF5252-nodesc</styleUrl>
        <Point>
          <coordinates>
            139.112862,37.933896,0
          </coordinates>
        </Point>
      </Placemark>
      <Placemark>
        <name>ENEOS Dr.Driveセルフプラザ新田塚店／あおい商事（株）</name>
        <styleUrl>#icon-1581-FF5252-nodesc</styleUrl>
        <Point>
          <coordinates>
            136.2091294,36.0873602,0
          </coordinates>
        </Point>
      </Placemark>
      <Placemark>
        <name>ENEOS Dr.Driveライフステージ泉台店／（株）三谷サービスエンジン</name>
        <styleUrl>#icon-1581-FF5252-nodesc</styleUrl>
        <Point>
          <coordinates>
            136.652228,36.5350734,0
          </coordinates>
        </Point>
      </Placemark>
      <Placemark>
        <name>ENEOS / 日本海産商(株) 横田SS</name>
        <styleUrl>#icon-1581-FF5252-nodesc</styleUrl>
        <Point>
          <coordinates>
            137.0029106,36.7524591,0
          </coordinates>
        </Point>
      </Placemark>
      <Placemark>
        <name>ENEOS EneJet Dr.Driveマンサーナ押野店 / (株)三谷サービスエンジン</name>
        <styleUrl>#icon-1581-FF5252-nodesc</styleUrl>
        <Point>
          <coordinates>
            136.6181214,36.5471037,0
          </coordinates>
        </Point>
      </Placemark>
      <Placemark>
        <name>ENEOS Dr.Drive光陽店／栄月（株）</name>
        <styleUrl>#icon-1581-FF5252-nodesc</styleUrl>
        <Point>
          <coordinates>
            136.1978979,36.0656171,0
          </coordinates>
        </Point>
      </Placemark>
      <Placemark>
        <name>ENEOS EneJet Dr.DriveあおいSSランド音楽堂前店／あおい商事（株）</name>
        <styleUrl>#icon-1581-FF5252-nodesc</styleUrl>
        <Point>
          <coordinates>
            136.2090223,36.0120328,0
          </coordinates>
        </Point>
      </Placemark>
      <Placemark>
        <name>ENEOS Dr.Driveアミューズ上北野SS</name>
        <styleUrl>#icon-1581-FF5252-nodesc</styleUrl>
        <Point>
          <coordinates>
            136.2516149,36.0641326,0
          </coordinates>
        </Point>
      </Placemark>
      <Placemark>
        <name>ENEOS Dr.Driveセルフ大和田店／栄月（株）</name>
        <styleUrl>#icon-1581-FF5252-nodesc</styleUrl>
        <Point>
          <coordinates>
            136.2451166,36.0988545,0
          </coordinates>
        </Point>
      </Placemark>
      <Placemark>
        <name>ENEOS EneJet Dr.Driveセルフサン勝見店／栄月（株）</name>
        <styleUrl>#icon-1581-FF5252-nodesc</styleUrl>
        <Point>
          <coordinates>
            136.2363876,36.0545416,0
          </coordinates>
        </Point>
      </Placemark>
      <Placemark>
        <name>ENEOS EneJet Dr.Driveセルフプラザ福井インター店／あおい商事（株）</name>
        <styleUrl>#icon-1581-FF5252-nodesc</styleUrl>
        <Point>
          <coordinates>
            136.2448351,36.051593,0
          </coordinates>
        </Point>
      </Placemark>
      <Placemark>
        <name>ENEOS Dr.Driveセルフプラザ新日光店／あおい商事（株）</name>
        <styleUrl>#icon-1581-FF5252-nodesc</styleUrl>
        <Point>
          <coordinates>
            136.1970413,36.0756542,0
          </coordinates>
        </Point>
      </Placemark>
      <Placemark>
        <name>ENEOS Dr.Driveノース福井店／栄月（株）</name>
        <styleUrl>#icon-1581-FF5252-nodesc</styleUrl>
        <Point>
          <coordinates>
            136.2499108,36.0790754,0
          </coordinates>
        </Point>
      </Placemark>
      <Placemark>
        <name>ENEOS EneJet Dr.Driveアリーナ板垣店／栄月（株）</name>
        <styleUrl>#icon-1581-FF5252-nodesc</styleUrl>
        <Point>
          <coordinates>
            136.226643,36.0452652,0
          </coordinates>
        </Point>
      </Placemark>
      <Placemark>
        <name>ENEOS Dr.Drive毛矢店</name>
        <styleUrl>#icon-1581-FF5252-nodesc</styleUrl>
        <Point>
          <coordinates>
            136.2133388,36.0576906,0
          </coordinates>
        </Point>
      </Placemark>
      <Placemark>
        <name>(株)丸新エネルギー プラント5見附店セルフSS｜ENEOS</name>
        <styleUrl>#icon-1581-FF5252-nodesc</styleUrl>
        <Point>
          <coordinates>
            138.8899438,37.5387942,0
          </coordinates>
        </Point>
      </Placemark>
      <Placemark>
        <name>(株)丸新エネルギー Dr.Driveセルフ物見山SS｜ENEOS</name>
        <styleUrl>#icon-1581-FF5252-nodesc</styleUrl>
        <Point>
          <coordinates>
            139.0944995,37.945491,0
          </coordinates>
        </Point>
      </Placemark>
      <Placemark>
        <name>(株)丸新エネルギー Dr.Driveセルフ亀田SS｜ENEOS</name>
        <styleUrl>#icon-1581-FF5252-nodesc</styleUrl>
        <Point>
          <coordinates>
            139.1254636,37.8612717,0
          </coordinates>
        </Point>
      </Placemark>
      <Placemark>
        <name>ENEOS / 内野農産(株) セルフ五十嵐中島SS</name>
        <styleUrl>#icon-1581-FF5252-nodesc</styleUrl>
        <Point>
          <coordinates>
            138.9182433,37.8476877,0
          </coordinates>
        </Point>
      </Placemark>
      <Placemark>
        <name>(株)トカン セルフ長岡バイパスSS</name>
        <styleUrl>#icon-1581-FF5252-nodesc</styleUrl>
        <Point>
          <coordinates>
            138.8038277,37.4536738,0
          </coordinates>
        </Point>
      </Placemark>
      <Placemark>
        <name>ENEOS / (株)丸新エネルギー Dr.Driveセルフ長岡蔵王SS</name>
        <styleUrl>#icon-1581-FF5252-nodesc</styleUrl>
        <Point>
          <coordinates>
            138.8591853,37.4716737,0
          </coordinates>
        </Point>
      </Placemark>
      <Placemark>
        <name>ENEOS / (株)丸新エネルギー Dr.Driveセルフ長岡大橋SS</name>
        <styleUrl>#icon-1581-FF5252-nodesc</styleUrl>
        <Point>
          <coordinates>
            138.825629,37.464832,0
          </coordinates>
        </Point>
      </Placemark>
      <Placemark>
        <name>ENEOS / (株)藤井石油 燕北SS</name>
        <styleUrl>#icon-1581-FF5252-nodesc</styleUrl>
        <Point>
          <coordinates>
            138.932227,37.671193,0
          </coordinates>
        </Point>
      </Placemark>
      <Placemark>
        <name>ENEOS / 新潟サン石油(株) 分水東SS</name>
        <styleUrl>#icon-1581-FF5252-nodesc</styleUrl>
        <Point>
          <coordinates>
            138.8561402,37.6281238,0
          </coordinates>
        </Point>
      </Placemark>
      <Placemark>
        <name>ENEOS Dr.Driveセルフくろかわ店／日本海産商（株）</name>
        <styleUrl>#icon-1581-FF5252-nodesc</styleUrl>
        <Point>
          <coordinates>
            137.1179529,36.6972632,0
          </coordinates>
        </Point>
      </Placemark>
      <Placemark>
        <name>ENEOS Dr.Driveまちや店／あおい商事（株）</name>
        <styleUrl>#icon-1581-FF5252-nodesc</styleUrl>
        <Point>
          <coordinates>
            136.2306905,36.0779145,0
          </coordinates>
        </Point>
      </Placemark>
      <Placemark>
        <name>ENEOS 棗SS / (有)棗石油店</name>
        <styleUrl>#icon-1581-FF5252-nodesc</styleUrl>
        <Point>
          <coordinates>
            136.1122362,36.142785,0
          </coordinates>
        </Point>
      </Placemark>
      <Placemark>
        <name>ENEOS Dr.Driveセルフプラザしみず店／あおい商事（株）</name>
        <styleUrl>#icon-1581-FF5252-nodesc</styleUrl>
        <Point>
          <coordinates>
            136.1513525,35.9985238,0
          </coordinates>
        </Point>
      </Placemark>
      <Placemark>
        <name>ENEOS アリーナ麻生津SS／吉野産業（株）</name>
        <styleUrl>#icon-1581-FF5252-nodesc</styleUrl>
        <Point>
          <coordinates>
            136.1998205,36.0049833,0
          </coordinates>
        </Point>
      </Placemark>
      <Placemark>
        <name>ENEOS EneJet Dr.Driveセルフプラザつくし野店／あおい商事（株）</name>
        <styleUrl>#icon-1581-FF5252-nodesc</styleUrl>
        <Point>
          <coordinates>
            136.2192745,36.1178282,0
          </coordinates>
        </Point>
      </Placemark>
      <Placemark>
        <name>ENEOS EneJet Dr.Driveセルフプラザわかすぎ店／あおい商事（株）</name>
        <styleUrl>#icon-1581-FF5252-nodesc</styleUrl>
        <Point>
          <coordinates>
            136.1879913,36.0570254,0
          </coordinates>
        </Point>
      </Placemark>
      <Placemark>
        <name>ENEOS Dr.DriveBIGエッグわかすぎ SS (タナカエネルギー)</name>
        <styleUrl>#icon-1581-FF5252-nodesc</styleUrl>
        <Point>
          <coordinates>
            136.1884056,36.0530356,0
          </coordinates>
        </Point>
      </Placemark>
      <Placemark>
        <name>ENEOS Dr.Driveセルフプラザふくい店／あおい商事（株）</name>
        <styleUrl>#icon-1581-FF5252-nodesc</styleUrl>
        <Point>
          <coordinates>
            136.2470683,36.0856424,0
          </coordinates>
        </Point>
      </Placemark>
      <Placemark>
        <name>ENEOS 中央市場給油所</name>
        <styleUrl>#icon-1581-FF5252-nodesc</styleUrl>
        <Point>
          <coordinates>
            136.2453856,36.088543,0
          </coordinates>
        </Point>
      </Placemark>
      <Placemark>
        <name>ENEOS 福井新港SS／㈲新保石油店</name>
        <styleUrl>#icon-1581-FF5252-nodesc</styleUrl>
        <Point>
          <coordinates>
            136.1442674,36.204711,0
          </coordinates>
        </Point>
      </Placemark>
      <Placemark>
        <name>ENEOS スーパーステーションみくにSS / (有)新保石油店</name>
        <styleUrl>#icon-1581-FF5252-nodesc</styleUrl>
        <Point>
          <coordinates>
            136.1621889,36.1966011,0
          </coordinates>
        </Point>
      </Placemark>
      <Placemark>
        <name>ENEOS EneJet Dr.Driveセルフまるおか店／栄月（株）</name>
        <styleUrl>#icon-1581-FF5252-nodesc</styleUrl>
        <Point>
          <coordinates>
            136.2644911,36.1469568,0
          </coordinates>
        </Point>
      </Placemark>
      <Placemark>
        <name>ENEOS 坂井町SS（イトウ石油）</name>
        <styleUrl>#icon-1581-FF5252-nodesc</styleUrl>
        <Point>
          <coordinates>
            136.2362622,36.1594032,0
          </coordinates>
        </Point>
      </Placemark>
      <Placemark>
        <name>ENEOS Dr.Drive敦賀中央店／栄月（株）</name>
        <styleUrl>#icon-1581-FF5252-nodesc</styleUrl>
        <Point>
          <coordinates>
            136.0605522,35.6458033,0
          </coordinates>
        </Point>
      </Placemark>
      <Placemark>
        <name>ENEOS EneJet Dr.Driveセルフ敦賀サンルート27店／栄月（株）</name>
        <styleUrl>#icon-1581-FF5252-nodesc</styleUrl>
        <Point>
          <coordinates>
            136.0653581,35.6327065,0
          </coordinates>
        </Point>
      </Placemark>
      <Placemark>
        <name>ENEOS Dr.Drive東力町店／（株）三谷サービスエンジン</name>
        <styleUrl>#icon-1581-FF5252-nodesc</styleUrl>
        <Point>
          <coordinates>
            136.6205,36.5627822,0
          </coordinates>
        </Point>
      </Placemark>
      <Placemark>
        <name>ENEOS セルフEAGLE STATION敦賀SS／あおい商事（株）</name>
        <styleUrl>#icon-1581-FF5252-nodesc</styleUrl>
        <Point>
          <coordinates>
            136.0488696,35.6386588,0
          </coordinates>
        </Point>
      </Placemark>
      <Placemark>
        <name>ENEOS セルフ武生SS／タナカエネルギー（株）</name>
        <styleUrl>#icon-1581-FF5252-nodesc</styleUrl>
        <Point>
          <coordinates>
            136.1546752,35.8987243,0
          </coordinates>
        </Point>
      </Placemark>
      <Placemark>
        <name>ENEOS Dr.Driveセルフプラザたけふ店／あおい商事（株）</name>
        <styleUrl>#icon-1581-FF5252-nodesc</styleUrl>
        <Point>
          <coordinates>
            136.182024,35.9076085,0
          </coordinates>
        </Point>
      </Placemark>
      <Placemark>
        <name>ENEOS イーストサバエSS 有限会社パル石油</name>
        <styleUrl>#icon-1581-FF5252-nodesc</styleUrl>
        <Point>
          <coordinates>
            136.24539,35.9482627,0
          </coordinates>
        </Point>
      </Placemark>
      <Placemark>
        <name>ENEOS 勝山SS／あおい商事（株）</name>
        <styleUrl>#icon-1581-FF5252-nodesc</styleUrl>
        <Point>
          <coordinates>
            136.5043561,36.0598351,0
          </coordinates>
        </Point>
      </Placemark>
      <Placemark>
        <name>ENEOS 勝山バイパスセルフSS／あおい商事（株）</name>
        <styleUrl>#icon-1581-FF5252-nodesc</styleUrl>
        <Point>
          <coordinates>
            136.4978584,36.0731681,0
          </coordinates>
        </Point>
      </Placemark>
      <Placemark>
        <name>ENEOS Dr.Driveセルフプラザさばえ店／あおい商事（株）</name>
        <styleUrl>#icon-1581-FF5252-nodesc</styleUrl>
        <Point>
          <coordinates>
            136.1930963,35.9490965,0
          </coordinates>
        </Point>
      </Placemark>
      <Placemark>
        <name>ENEOS Dr.Drive鯖江店／栄月（株）</name>
        <styleUrl>#icon-1581-FF5252-nodesc</styleUrl>
        <Point>
          <coordinates>
            136.1927528,35.9739798,0
          </coordinates>
        </Point>
      </Placemark>
      <Placemark>
        <name>ENEOS Dr.Drive セルフニューあわら店／栄月（株）</name>
        <styleUrl>#icon-1581-FF5252-nodesc</styleUrl>
        <Point>
          <coordinates>
            136.2207968,36.2068354,0
          </coordinates>
        </Point>
      </Placemark>
      <Placemark>
        <name>ENEOS 大野バイパス北SS</name>
        <styleUrl>#icon-1581-FF5252-nodesc</styleUrl>
        <Point>
          <coordinates>
            136.4995598,35.9937767,0
          </coordinates>
        </Point>
      </Placemark>
      <Placemark>
        <name>ENEOS Dr.Driveグリーンポート金沢店／（株）三谷サービスエンジン</name>
        <styleUrl>#icon-1581-FF5252-nodesc</styleUrl>
        <Point>
          <coordinates>
            136.6325141,36.5930852,0
          </coordinates>
        </Point>
      </Placemark>
      <Placemark>
        <name>ENEOS Dr.Drive金沢西インター店／（株）三谷サービスエンジン</name>
        <styleUrl>#icon-1581-FF5252-nodesc</styleUrl>
        <Point>
          <coordinates>
            136.6080228,36.5653124,0
          </coordinates>
        </Point>
      </Placemark>
      <Placemark>
        <name>ENEOS セルフ森本SS／上原石油</name>
        <styleUrl>#icon-1581-FF5252-nodesc</styleUrl>
        <Point>
          <coordinates>
            136.6922737,36.6136859,0
          </coordinates>
        </Point>
      </Placemark>
      <Placemark>
        <name>ENEOS EneJet Dr.Driveセレンディピティ大河端店／（株）三谷サービスエンジン</name>
        <styleUrl>#icon-1581-FF5252-nodesc</styleUrl>
        <Point>
          <coordinates>
            136.639792,36.6177484,0
          </coordinates>
        </Point>
      </Placemark>
      <Placemark>
        <name>ENEOS Dr.Drive長町店／（株）三谷サービスエンジン</name>
        <styleUrl>#icon-1581-FF5252-nodesc</styleUrl>
        <Point>
          <coordinates>
            136.6513131,36.568355,0
          </coordinates>
        </Point>
      </Placemark>
      <Placemark>
        <name>ENEOS Dr.Drive東大通店／（株）三谷サービスエンジン</name>
        <styleUrl>#icon-1581-FF5252-nodesc</styleUrl>
        <Point>
          <coordinates>
            136.666942,36.583034,0
          </coordinates>
        </Point>
      </Placemark>
      <Placemark>
        <name>ENEOS Dr.Drive城南店／（株）三谷サービスエンジン</name>
        <styleUrl>#icon-1581-FF5252-nodesc</styleUrl>
        <Point>
          <coordinates>
            136.6660304,36.5514042,0
          </coordinates>
        </Point>
      </Placemark>
      <Placemark>
        <name>ENEOS Dr.Drive西大通店／（株）三谷サービスエンジン</name>
        <styleUrl>#icon-1581-FF5252-nodesc</styleUrl>
        <Point>
          <coordinates>
            136.6336749,36.5883189,0
          </coordinates>
        </Point>
      </Placemark>
      <Placemark>
        <name>ENEOS EneJet Dr.Driveコーディアルののいち店／（株）三谷サービスエンジン</name>
        <styleUrl>#icon-1581-FF5252-nodesc</styleUrl>
        <Point>
          <coordinates>
            136.5979111,36.5325816,0
          </coordinates>
        </Point>
      </Placemark>
      <Placemark>
        <name>ENEOS EneJet Dr.Drive加賀産業道店／（株）三谷サービスエンジン</name>
        <styleUrl>#icon-1581-FF5252-nodesc</styleUrl>
        <Point>
          <coordinates>
            136.6065432,36.5014017,0
          </coordinates>
        </Point>
      </Placemark>
      <Placemark>
        <name>ENEOS EneJet Dr.Driveエコウィング御経塚店／（株）三谷サービスエンジン</name>
        <styleUrl>#icon-1581-FF5252-nodesc</styleUrl>
        <Point>
          <coordinates>
            136.5989833,36.5544269,0
          </coordinates>
        </Point>
      </Placemark>
      <Placemark>
        <name>ENEOS Dr.Driveアサンテ宮永店／（株）三谷サービスエンジン</name>
        <styleUrl>#icon-1581-FF5252-nodesc</styleUrl>
        <Point>
          <coordinates>
            136.5710678,36.5394932,0
          </coordinates>
        </Point>
      </Placemark>
      <Placemark>
        <name>ENEOS Dr.Driveツインウェーブ松任店／（株）三谷サービスエンジン</name>
        <styleUrl>#icon-1581-FF5252-nodesc</styleUrl>
        <Point>
          <coordinates>
            136.5103757,36.5123979,0
          </coordinates>
        </Point>
      </Placemark>
    </Folder>
    <Folder>
      <name>近畿（大阪 京都 兵庫 奈良 滋賀 和歌山 三重）</name>
      <Placemark>
        <name>ENEOS Dr.Drive中環南茨木SS／山文商事（株）</name>
        <styleUrl>#icon-1581-FF5252-nodesc</styleUrl>
        <Point>
          <coordinates>
            135.5664487,34.8004746,0
          </coordinates>
        </Point>
      </Placemark>
      <Placemark>
        <name>ENEOS 香芝 SS (阪本石油)</name>
        <styleUrl>#icon-1581-FF5252-nodesc</styleUrl>
        <Point>
          <coordinates>
            135.7017486,34.571811,0
          </coordinates>
        </Point>
      </Placemark>
      <Placemark>
        <name>ENEOS 白浜SS／山文（株）和歌山支店</name>
        <styleUrl>#icon-1581-FF5252-nodesc</styleUrl>
        <Point>
          <coordinates>
            135.3688053,33.6796745,0
          </coordinates>
        </Point>
      </Placemark>
      <Placemark>
        <name>ENEOS セルフ御坊国道SS／石橋石油（株）</name>
        <styleUrl>#icon-1581-FF5252-nodesc</styleUrl>
        <Point>
          <coordinates>
            135.1547243,33.8828314,0
          </coordinates>
        </Point>
      </Placemark>
      <Placemark>
        <name>ENEOS セルフ名阪香芝SS／阪本石油（株）</name>
        <styleUrl>#icon-1581-FF5252-nodesc</styleUrl>
        <Point>
          <coordinates>
            135.7003669,34.5623905,0
          </coordinates>
        </Point>
      </Placemark>
      <Placemark>
        <name>ENEOS セルフ生駒真弓SS／日新商事（株）大阪支店</name>
        <styleUrl>#icon-1581-FF5252-nodesc</styleUrl>
        <Point>
          <coordinates>
            135.7247167,34.723598,0
          </coordinates>
        </Point>
      </Placemark>
      <Placemark>
        <name>ENEOS Dr.Driveセルフ宇治市役所前店（ENEOSモビリニア）</name>
        <styleUrl>#icon-1581-FF5252-nodesc</styleUrl>
        <Point>
          <coordinates>
            135.8008284,34.8824945,0
          </coordinates>
        </Point>
      </Placemark>
      <Placemark>
        <name>ENEOS Dr.Driveセルフ勧修寺店（ENEOSモビリニア）</name>
        <styleUrl>#icon-1581-FF5252-nodesc</styleUrl>
        <Point>
          <coordinates>
            135.8096018,34.959913,0
          </coordinates>
        </Point>
      </Placemark>
      <Placemark>
        <name>ENEOS セルフおぐらSS（ENEOSモビリニア）</name>
        <styleUrl>#icon-1581-FF5252-nodesc</styleUrl>
        <Point>
          <coordinates>
            135.7632023,34.8915951,0
          </coordinates>
        </Point>
      </Placemark>
      <Placemark>
        <name>ENEOS Dr.Driveセルフ菱川店（ENEOSモビリニア）</name>
        <styleUrl>#icon-1581-FF5252-nodesc</styleUrl>
        <Point>
          <coordinates>
            135.7163524,34.9306792,0
          </coordinates>
        </Point>
      </Placemark>
      <Placemark>
        <name>ENEOS 豊郷 SS (油藤商事)</name>
        <styleUrl>#icon-1581-FF5252-nodesc</styleUrl>
        <Point>
          <coordinates>
            136.224281,35.199604,0
          </coordinates>
        </Point>
      </Placemark>
      <Placemark>
        <name>ENEOS オ－トオアシス安曇川 SS (清水興業)</name>
        <styleUrl>#icon-1581-FF5252-nodesc</styleUrl>
        <Point>
          <coordinates>
            136.0223027,35.3223161,0
          </coordinates>
        </Point>
      </Placemark>
      <Placemark>
        <name>ENEOS Dr.Driveセルフ高砂SS／ネクサスエナジー（株）関西支店</name>
        <styleUrl>#icon-1581-FF5252-nodesc</styleUrl>
        <Point>
          <coordinates>
            134.7993373,34.7624019,0
          </coordinates>
        </Point>
      </Placemark>
      <Placemark>
        <name>ENEOS 高島町 SS (清水興業)</name>
        <styleUrl>#icon-1581-FF5252-nodesc</styleUrl>
        <Point>
          <coordinates>
            136.0145596,35.3023108,0
          </coordinates>
        </Point>
      </Placemark>
      <Placemark>
        <name>ENEOS 朽木 SS (平井電器石油店)</name>
        <styleUrl>#icon-1581-FF5252-nodesc</styleUrl>
        <Point>
          <coordinates>
            135.9160989,35.3524434,0
          </coordinates>
        </Point>
      </Placemark>
      <Placemark>
        <name>ENEOS ガリバーニュータカシマ SS (清水興業)</name>
        <styleUrl>#icon-1581-FF5252-nodesc</styleUrl>
        <Point>
          <coordinates>
            136.0083047,35.2736039,0
          </coordinates>
        </Point>
      </Placemark>
      <Placemark>
        <name>ENEOS 坂本 SS (山本石油)</name>
        <styleUrl>#icon-1581-FF5252-nodesc</styleUrl>
        <Point>
          <coordinates>
            135.8786927,35.0603687,0
          </coordinates>
        </Point>
      </Placemark>
      <Placemark>
        <name>ENEOS Dr.Driveセルフ草津店（ENEOSモビリニア）</name>
        <styleUrl>#icon-1581-FF5252-nodesc</styleUrl>
        <Point>
          <coordinates>
            135.9436414,35.0209385,0
          </coordinates>
        </Point>
      </Placemark>
      <Placemark>
        <name>ENEOS Dr.Drive近江八幡TS／山文商事（株）</name>
        <styleUrl>#icon-1581-FF5252-nodesc</styleUrl>
        <Point>
          <coordinates>
            136.1063753,35.1001557,0
          </coordinates>
        </Point>
      </Placemark>
      <Placemark>
        <name>ENEOS Dr.Driveセルフ茨木玉島台店（ENEOSモビリニア）</name>
        <styleUrl>#icon-1581-FF5252-nodesc</styleUrl>
        <Point>
          <coordinates>
            135.585457,34.7980583,0
          </coordinates>
        </Point>
      </Placemark>
      <Placemark>
        <name>ENEOS 魚住 SS (平﨑石油)</name>
        <styleUrl>#icon-1581-FF5252-nodesc</styleUrl>
        <Point>
          <coordinates>
            134.9067657,34.7054165,0
          </coordinates>
        </Point>
      </Placemark>
      <Placemark>
        <name>ENEOS EneJet セルフ第二阪神尼崎SS／ネクサスエナジー（株）関西支店</name>
        <styleUrl>#icon-1581-FF5252-nodesc</styleUrl>
        <Point>
          <coordinates>
            135.4122465,34.7149612,0
          </coordinates>
        </Point>
      </Placemark>
      <Placemark>
        <name>ENEOS Dr.Drive宝塚山本SS／山文商事（株）</name>
        <styleUrl>#icon-1581-FF5252-nodesc</styleUrl>
        <Point>
          <coordinates>
            135.3941878,34.8101836,0
          </coordinates>
        </Point>
      </Placemark>
      <Placemark>
        <name>ENEOS サンライズ下加茂 SS (佐和石油店)</name>
        <styleUrl>#icon-1581-FF5252-nodesc</styleUrl>
        <Point>
          <coordinates>
            134.8742922,34.3492213,0
          </coordinates>
        </Point>
      </Placemark>
      <Placemark>
        <name>兵庫県漁業協同組合連合会 仮屋給油所 (ENEOS 淡路仮屋 SS )</name>
        <styleUrl>#icon-1581-FF5252-nodesc</styleUrl>
        <Point>
          <coordinates>
            134.9887545,34.522271,0
          </coordinates>
        </Point>
      </Placemark>
      <Placemark>
        <name>ENEOS 市川 SS (フジタ)</name>
        <styleUrl>#icon-1581-FF5252-nodesc</styleUrl>
        <Point>
          <coordinates>
            134.7563633,35.0134111,0
          </coordinates>
        </Point>
      </Placemark>
      <Placemark>
        <name>ENEOS 多紀 SS (畑燃料)</name>
        <styleUrl>#icon-1581-FF5252-nodesc</styleUrl>
        <Point>
          <coordinates>
            135.3149819,35.0930471,0
          </coordinates>
        </Point>
      </Placemark>
      <Placemark>
        <name>ENEOS Dr.Drive豊岡 SS (全但石油)</name>
        <styleUrl>#icon-1581-FF5252-nodesc</styleUrl>
        <Point>
          <coordinates>
            134.8239135,35.5406212,0
          </coordinates>
        </Point>
      </Placemark>
      <Placemark>
        <name>ENEOS Dr.Driveセルフ養父SS／全但石油（株）</name>
        <styleUrl>#icon-1581-FF5252-nodesc</styleUrl>
        <Point>
          <coordinates>
            134.7990813,35.3693862,0
          </coordinates>
        </Point>
      </Placemark>
      <Placemark>
        <name>ENEOS Dr.Driveセルフ交野市幾野SS／ネクサスエナジー（株）関西支店</name>
        <styleUrl>#icon-1581-FF5252-nodesc</styleUrl>
        <Point>
          <coordinates>
            135.6836169,34.7985252,0
          </coordinates>
        </Point>
      </Placemark>
      <Placemark>
        <name>ENEOS Dr.Driveセルフ茨木店（ENEOSモビリニア）</name>
        <styleUrl>#icon-1581-FF5252-nodesc</styleUrl>
        <Point>
          <coordinates>
            135.5751917,34.8334444,0
          </coordinates>
        </Point>
      </Placemark>
      <Placemark>
        <name>ENEOS Dr.Drive茨木西 SS (協美石油)</name>
        <styleUrl>#icon-1581-FF5252-nodesc</styleUrl>
        <Point>
          <coordinates>
            135.546064,34.836469,0
          </coordinates>
        </Point>
      </Placemark>
      <Placemark>
        <name>ENEOS Dr.DriveセルフきさいちSS／ネクサスエナジー（株）関西支店</name>
        <styleUrl>#icon-1581-FF5252-nodesc</styleUrl>
        <Point>
          <coordinates>
            135.6800919,34.7722145,0
          </coordinates>
        </Point>
      </Placemark>
      <Placemark>
        <name>ENEOS ベイエリア TS (鴻池運輸)</name>
        <styleUrl>#icon-1581-FF5252-nodesc</styleUrl>
        <Point>
          <coordinates>
            135.4365199,34.6747058,0
          </coordinates>
        </Point>
      </Placemark>
      <Placemark>
        <name>ENEOS 北港 SS (鴻池運輸)</name>
        <styleUrl>#icon-1581-FF5252-nodesc</styleUrl>
        <Point>
          <coordinates>
            135.4377742,34.6744033,0
          </coordinates>
        </Point>
      </Placemark>
      <Placemark>
        <name>ENEOS Dr.Driveセルフ豊中桜塚店（ENEOSモビリニア）</name>
        <styleUrl>#icon-1581-FF5252-nodesc</styleUrl>
        <Point>
          <coordinates>
            135.4729903,34.7844314,0
          </coordinates>
        </Point>
      </Placemark>
      <Placemark>
        <name>ENEOS Dr.Driveセルフ豊中西店（ENEOSモビリニア）</name>
        <styleUrl>#icon-1581-FF5252-nodesc</styleUrl>
        <Point>
          <coordinates>
            135.45853,34.771673,0
          </coordinates>
        </Point>
      </Placemark>
      <Placemark>
        <name>ENEOS EneJet セルフ光明池SS／日新商事（株）大阪支店</name>
        <styleUrl>#icon-1581-FF5252-nodesc</styleUrl>
        <Point>
          <coordinates>
            135.4714848,34.4780165,0
          </coordinates>
        </Point>
      </Placemark>
      <Placemark>
        <name>ENEOS 菅生 SS (山本石油販売)</name>
        <styleUrl>#icon-1581-FF5252-nodesc</styleUrl>
        <Point>
          <coordinates>
            135.5704919,34.5160434,0
          </coordinates>
        </Point>
      </Placemark>
      <Placemark>
        <name>ENEOS Dr.Drive石津川SS／山文商事（株）</name>
        <styleUrl>#icon-1581-FF5252-nodesc</styleUrl>
        <Point>
          <coordinates>
            135.4545818,34.5638989,0
          </coordinates>
        </Point>
      </Placemark>
      <Placemark>
        <name>ENEOS 天満 SS (帝興石油)</name>
        <styleUrl>#icon-1581-FF5252-nodesc</styleUrl>
        <Point>
          <coordinates>
            135.5157433,34.70647,0
          </coordinates>
        </Point>
      </Placemark>
      <Placemark>
        <name>ENEOS Dr.Driveセルフ十三SS／ネクサスエナジー（株）関西支店</name>
        <styleUrl>#icon-1581-FF5252-nodesc</styleUrl>
        <Point>
          <coordinates>
            135.4827664,34.7311859,0
          </coordinates>
        </Point>
      </Placemark>
      <Placemark>
        <name>ENEOS EneJet Dr.Driveセルフ内環タツミSS／ネクサスエナジー（株）関西支店</name>
        <styleUrl>#icon-1581-FF5252-nodesc</styleUrl>
        <Point>
          <coordinates>
            135.5504041,34.6368118,0
          </coordinates>
        </Point>
      </Placemark>
      <Placemark>
        <name>ＥＮＥＯＳ Ｄｒ．Ｄｒｉｖｅセルフ玉出ＳＳ</name>
        <styleUrl>#icon-1581-FF5252-nodesc</styleUrl>
        <Point>
          <coordinates>
            135.4839581,34.6224638,0
          </coordinates>
        </Point>
      </Placemark>
      <Placemark>
        <name>ENEOS セルフ高倉町SS／日新商事（株）大阪支店</name>
        <styleUrl>#icon-1581-FF5252-nodesc</styleUrl>
        <Point>
          <coordinates>
            135.5291062,34.7134315,0
          </coordinates>
        </Point>
      </Placemark>
      <Placemark>
        <name>ENEOS Dr.Driveセルフ守口北本通SS／山文商事（株）</name>
        <styleUrl>#icon-1581-FF5252-nodesc</styleUrl>
        <Point>
          <coordinates>
            135.5664448,34.7423137,0
          </coordinates>
        </Point>
      </Placemark>
      <Placemark>
        <name>ENEOS 摂津 SS (アサダ石油)</name>
        <styleUrl>#icon-1581-FF5252-nodesc</styleUrl>
        <Point>
          <coordinates>
            135.558256,34.7817,0
          </coordinates>
        </Point>
      </Placemark>
      <Placemark>
        <name>ENEOS セルフ中環東大阪SS／コーワ商事（株）</name>
        <styleUrl>#icon-1581-FF5252-nodesc</styleUrl>
        <Point>
          <coordinates>
            135.5910066,34.6957549,0
          </coordinates>
        </Point>
      </Placemark>
      <Placemark>
        <name>ENEOS セルフりんくうタウンSS／コーワ商事（株）</name>
        <styleUrl>#icon-1581-FF5252-nodesc</styleUrl>
        <Point>
          <coordinates>
            135.3047968,34.4149759,0
          </coordinates>
        </Point>
      </Placemark>
      <Placemark>
        <name>ENEOS Dr.Driveアメニティ甲子園 SS (三幸石油)</name>
        <styleUrl>#icon-1581-FF5252-nodesc</styleUrl>
        <Point>
          <coordinates>
            135.3694124,34.7339045,0
          </coordinates>
        </Point>
      </Placemark>
      <Placemark>
        <name>ENEOS Dr.Drive鳴尾SS／山文商事（株）</name>
        <styleUrl>#icon-1581-FF5252-nodesc</styleUrl>
        <Point>
          <coordinates>
            135.3714082,34.7080468,0
          </coordinates>
        </Point>
      </Placemark>
      <Placemark>
        <name>ENEOS 岬 SS (河野石油店)</name>
        <styleUrl>#icon-1581-FF5252-nodesc</styleUrl>
        <Point>
          <coordinates>
            135.1504921,34.3205889,0
          </coordinates>
        </Point>
      </Placemark>
      <Placemark>
        <name>ENEOS EneJet ニ色の浜SS／ネクサスエナジー（株）関西支店</name>
        <styleUrl>#icon-1899-FF5252-nodesc</styleUrl>
        <Point>
          <coordinates>
            135.348127,34.4462011,0
          </coordinates>
        </Point>
      </Placemark>
      <Placemark>
        <name>ENEOS ハートフル高槻SS／（株）東洋石油</name>
        <styleUrl>#icon-1581-FF5252-nodesc</styleUrl>
        <Point>
          <coordinates>
            135.6343544,34.8534415,0
          </coordinates>
        </Point>
      </Placemark>
      <Placemark>
        <name>ENEOS アイパークタキノ SS (アイパークタキノ)</name>
        <styleUrl>#icon-1581-FF5252-nodesc</styleUrl>
        <Point>
          <coordinates>
            134.932171,34.919606,0
          </coordinates>
        </Point>
      </Placemark>
      <Placemark>
        <name>ENEOS 滝野インター SS (服部石油店)</name>
        <styleUrl>#icon-1581-FF5252-nodesc</styleUrl>
        <Point>
          <coordinates>
            134.9600157,34.932745,0
          </coordinates>
        </Point>
      </Placemark>
      <Placemark>
        <name>ENEOS 姫路山田SS</name>
        <styleUrl>#icon-1581-FF5252-nodesc</styleUrl>
        <Point>
          <coordinates>
            134.7712481,34.908529,0
          </coordinates>
        </Point>
      </Placemark>
      <Placemark>
        <name>兵庫県漁業協同組合連合会 西飾磨給油所(ENEOS 西飾磨 SS)</name>
        <styleUrl>#icon-1581-FF5252-nodesc</styleUrl>
        <Point>
          <coordinates>
            134.6585362,34.8002757,0
          </coordinates>
        </Point>
      </Placemark>
      <Placemark>
        <name>ENEOS 播磨新宮 SS (内海石油)</name>
        <styleUrl>#icon-1581-FF5252-nodesc</styleUrl>
        <Point>
          <coordinates>
            134.534381,34.9227883,0
          </coordinates>
        </Point>
      </Placemark>
      <Placemark>
        <name>ENEOS 三原SS／（株）岡本商店</name>
        <styleUrl>#icon-1581-FF5252-nodesc</styleUrl>
        <Point>
          <coordinates>
            134.780361,34.289138,0
          </coordinates>
        </Point>
      </Placemark>
      <Placemark>
        <name>ENEOS セルフ伊丹寺本SS／ネクサスエナジー（株）関西支店</name>
        <styleUrl>#icon-1581-FF5252-nodesc</styleUrl>
        <Point>
          <coordinates>
            135.3915489,34.7768639,0
          </coordinates>
        </Point>
      </Placemark>
    </Folder>
    <Folder>
      <name>四国/中国（徳島 香川 愛媛 高知 鳥取）</name>
      <Placemark>
        <name>ENEOS セルフ五反田SS／日ノ丸産業（株）</name>
        <styleUrl>#icon-1581-FF5252-nodesc</styleUrl>
        <Point>
          <coordinates>
            134.2014696,35.509671,0
          </coordinates>
        </Point>
      </Placemark>
      <Placemark>
        <name>ENEOS セルフAPI叶SS／日ノ丸産業（株）</name>
        <styleUrl>#icon-1581-FF5252-nodesc</styleUrl>
        <Point>
          <coordinates>
            134.2174252,35.4761313,0
          </coordinates>
        </Point>
      </Placemark>
      <Placemark>
        <name>ENEOS EneJet セルフ鳥取駅南SS／日ノ丸産業（株）</name>
        <styleUrl>#icon-1581-FF5252-nodesc</styleUrl>
        <Point>
          <coordinates>
            134.2312291,35.491058,0
          </coordinates>
        </Point>
      </Placemark>
      <Placemark>
        <name>ENEOS 関金 SS (じくはら石油)</name>
        <styleUrl>#icon-1581-FF5252-nodesc</styleUrl>
        <Point>
          <coordinates>
            133.7621542,35.3675389,0
          </coordinates>
        </Point>
      </Placemark>
      <Placemark>
        <name>ENEOS 羽合 SS (牧田商店)</name>
        <styleUrl>#icon-1581-FF5252-nodesc</styleUrl>
        <Point>
          <coordinates>
            133.8715446,35.4921312,0
          </coordinates>
        </Point>
      </Placemark>
      <Placemark>
        <name>ENEOS 由良 SS (青山車輌)レンタカー</name>
        <styleUrl>#icon-1581-FF5252-nodesc</styleUrl>
        <Point>
          <coordinates>
            133.7588522,35.4909135,0
          </coordinates>
        </Point>
      </Placemark>
      <Placemark>
        <name>ENEOS 新小郡SS</name>
        <styleUrl>#icon-1581-FF5252-nodesc</styleUrl>
        <Point>
          <coordinates>
            131.3952662,34.1056203,0
          </coordinates>
        </Point>
      </Placemark>
      <Placemark>
        <name>ENEOS Dr.Drive防府中央SS</name>
        <styleUrl>#icon-1581-FF5252-nodesc</styleUrl>
        <Point>
          <coordinates>
            131.5838568,34.0558645,0
          </coordinates>
        </Point>
      </Placemark>
      <Placemark>
        <name>ENEOS 山口 SS (中央石油)</name>
        <styleUrl>#icon-1581-FF5252-nodesc</styleUrl>
        <Point>
          <coordinates>
            131.4708195,34.173376,0
          </coordinates>
        </Point>
      </Placemark>
      <Placemark>
        <name>ENEOS 山口 SS (中央石油)</name>
        <styleUrl>#icon-1581-FF5252-nodesc</styleUrl>
        <Point>
          <coordinates>
            131.4708195,34.173376,0
          </coordinates>
        </Point>
      </Placemark>
      <Placemark>
        <name>ENEOS 湯田 SS (中央石油)</name>
        <styleUrl>#icon-1581-FF5252-nodesc</styleUrl>
        <Point>
          <coordinates>
            131.4473784,34.1603779,0
          </coordinates>
        </Point>
      </Placemark>
      <Placemark>
        <name>ENEOS Dr.Driveセルフ山口大歳SS</name>
        <styleUrl>#icon-1581-FF5252-nodesc</styleUrl>
        <Point>
          <coordinates>
            131.4349872,34.1500364,0
          </coordinates>
        </Point>
      </Placemark>
      <Placemark>
        <name>ENEOS Dr.Driveサンクス山口 SS (高山エネルギー)</name>
        <styleUrl>#icon-1581-FF5252-nodesc</styleUrl>
        <Point>
          <coordinates>
            131.4182483,34.1318856,0
          </coordinates>
        </Point>
      </Placemark>
      <Placemark>
        <name>ENEOS Dr.Drive平川 SS (中央石油)</name>
        <styleUrl>#icon-1581-FF5252-nodesc</styleUrl>
        <Point>
          <coordinates>
            131.4609991,34.1465144,0
          </coordinates>
        </Point>
      </Placemark>
      <Placemark>
        <name>ENEOS 大内 SS (中央石油)</name>
        <styleUrl>#icon-1581-FF5252-nodesc</styleUrl>
        <Point>
          <coordinates>
            131.5105504,34.1536419,0
          </coordinates>
        </Point>
      </Placemark>
      <Placemark>
        <name>ENEOS Dr.Driveサンクス新宿SS</name>
        <styleUrl>#icon-1581-FF5252-nodesc</styleUrl>
        <Point>
          <coordinates>
            131.7996817,34.0623629,0
          </coordinates>
        </Point>
      </Placemark>
      <Placemark>
        <name>ENEOS Dr.Drive下松タウンセンターSS</name>
        <styleUrl>#icon-1581-FF5252-nodesc</styleUrl>
        <Point>
          <coordinates>
            131.8627341,34.0195534,0
          </coordinates>
        </Point>
      </Placemark>
      <Placemark>
        <name>ENEOS Dr.Drive光中央 SS (高山エネルギー)</name>
        <styleUrl>#icon-1581-FF5252-nodesc</styleUrl>
        <Point>
          <coordinates>
            131.94459,33.9601,0
          </coordinates>
        </Point>
      </Placemark>
      <Placemark>
        <name>ENEOS Dr.Driveセルフサンクス室積 SS (高山エネルギー)</name>
        <styleUrl>#icon-1581-FF5252-nodesc</styleUrl>
        <Point>
          <coordinates>
            131.967835,33.940625,0
          </coordinates>
        </Point>
      </Placemark>
      <Placemark>
        <name>ENEOS 田布施 SS (田布施高山石油)</name>
        <styleUrl>#icon-1581-FF5252-nodesc</styleUrl>
        <Point>
          <coordinates>
            132.0540197,33.9547729,0
          </coordinates>
        </Point>
      </Placemark>
      <Placemark>
        <name>エネオス レッツ江波口SS</name>
        <styleUrl>#icon-1581-FF5252-nodesc</styleUrl>
        <Point>
          <coordinates>
            132.4369253,34.3752713,0
          </coordinates>
        </Point>
      </Placemark>
      <Placemark>
        <name>ENEOS EneJet Dr.Driveセルフ夢ケ丘SS / 常石商事(株)</name>
        <styleUrl>#icon-1581-FF5252-nodesc</styleUrl>
        <Point>
          <coordinates>
            132.5534723,34.3158675,0
          </coordinates>
        </Point>
      </Placemark>
      <Placemark>
        <name>ENEOS セルフ府中SS（真田石油）</name>
        <styleUrl>#icon-1581-FF5252-nodesc</styleUrl>
        <Point>
          <coordinates>
            133.2472012,34.5665267,0
          </coordinates>
        </Point>
      </Placemark>
      <Placemark>
        <name>ENEOS Dr.Drive駅家 SS (ツネイシCバリューズ)</name>
        <styleUrl>#icon-1581-FF5252-nodesc</styleUrl>
        <Point>
          <coordinates>
            133.330033,34.543279,0
          </coordinates>
        </Point>
      </Placemark>
      <Placemark>
        <name>ENEOS ローズガーデンR-182 (土居石油)</name>
        <styleUrl>#icon-1581-FF5252-nodesc</styleUrl>
        <Point>
          <coordinates>
            133.3696994,34.5327651,0
          </coordinates>
        </Point>
      </Placemark>
      <Placemark>
        <name>エネオス ドクタードライブローズガーデン坪生SS</name>
        <styleUrl>#icon-1581-FF5252-nodesc</styleUrl>
        <Point>
          <coordinates>
            133.440657,34.5276957,0
          </coordinates>
        </Point>
      </Placemark>
      <Placemark>
        <name>ENEOS サンパル笠岡 SS (中山燃料)</name>
        <styleUrl>#icon-1581-FF5252-nodesc</styleUrl>
        <Point>
          <coordinates>
            133.5090049,34.5138099,0
          </coordinates>
        </Point>
      </Placemark>
      <Placemark>
        <name>ENEOS Dr.Driveセルフ福山大門 SS (常石商事（株）)</name>
        <styleUrl>#icon-1581-FF5252-nodesc</styleUrl>
        <Point>
          <coordinates>
            133.4364683,34.4991781,0
          </coordinates>
        </Point>
      </Placemark>
      <Placemark>
        <name>ENEOS ローズガーデン新蔵王 (土居石油)</name>
        <styleUrl>#icon-1581-FF5252-nodesc</styleUrl>
        <Point>
          <coordinates>
            133.39868,34.5033937,0
          </coordinates>
        </Point>
      </Placemark>
      <Placemark>
        <name>ENEOS ロ－ズガーデン東町 (土居石油)</name>
        <styleUrl>#icon-1581-FF5252-nodesc</styleUrl>
        <Point>
          <coordinates>
            133.3676971,34.4939505,0
          </coordinates>
        </Point>
      </Placemark>
      <Placemark>
        <name>ENEOS ローズガーデン南本庄 (土居石油)</name>
        <styleUrl>#icon-1581-FF5252-nodesc</styleUrl>
        <Point>
          <coordinates>
            133.3525279,34.4855884,0
          </coordinates>
        </Point>
      </Placemark>
      <Placemark>
        <name>ENEOS Laundryローズガーデン福山 SS (土居石油)</name>
        <styleUrl>#icon-1581-FF5252-nodesc</styleUrl>
        <Point>
          <coordinates>
            133.3753561,34.4875172,0
          </coordinates>
        </Point>
      </Placemark>
      <Placemark>
        <name>ENEOS セルフ南手城 SS (ツネイシCバリューズ)</name>
        <styleUrl>#icon-1581-FF5252-nodesc</styleUrl>
        <Point>
          <coordinates>
            133.3837488,34.4825363,0
          </coordinates>
        </Point>
      </Placemark>
      <Placemark>
        <name>ENEOS Dr.Driveローズガーデン沖野上 SS (土居石油)</name>
        <styleUrl>#icon-1581-FF5252-nodesc</styleUrl>
        <Point>
          <coordinates>
            133.3781364,34.4765824,0
          </coordinates>
        </Point>
      </Placemark>
      <Placemark>
        <name>ENEOS Dr.Driveセルフ福山曙町 SS (常石商事株式会社)</name>
        <styleUrl>#icon-1581-FF5252-nodesc</styleUrl>
        <Point>
          <coordinates>
            133.3974905,34.4659052,0
          </coordinates>
        </Point>
      </Placemark>
      <Placemark>
        <name>ENEOS 美星313SS／㈲サカイ</name>
        <styleUrl>#icon-1581-FF5252-nodesc</styleUrl>
        <Point>
          <coordinates>
            133.488529,34.687425,0
          </coordinates>
        </Point>
      </Placemark>
      <Placemark>
        <name>ENEOS 撫川 SS (荒木石油店)</name>
        <styleUrl>#icon-1581-FF5252-nodesc</styleUrl>
        <Point>
          <coordinates>
            133.8444649,34.6453138,0
          </coordinates>
        </Point>
      </Placemark>
      <Placemark>
        <name>ENEOS ル－ト11マツムラ SS</name>
        <styleUrl>#icon-1581-FF5252-nodesc</styleUrl>
        <Point>
          <coordinates>
            133.9966887,34.3053735,0
          </coordinates>
        </Point>
      </Placemark>
      <Placemark>
        <name>ENEOS 善通寺 SS (橋本石油)</name>
        <styleUrl>#icon-1581-FF5252-nodesc</styleUrl>
        <Point>
          <coordinates>
            133.79021,34.2322952,0
          </coordinates>
        </Point>
      </Placemark>
      <Placemark>
        <name>ENEOS セルフ善通寺 SS (篠原商事)</name>
        <styleUrl>#icon-1581-FF5252-nodesc</styleUrl>
        <Point>
          <coordinates>
            133.7631352,34.2428838,0
          </coordinates>
        </Point>
      </Placemark>
      <Placemark>
        <name>エネオス ドクタードライブ大道SS</name>
        <styleUrl>#icon-1581-FF5252-nodesc</styleUrl>
        <Point>
          <coordinates>
            134.5475644,34.0640331,0
          </coordinates>
        </Point>
      </Placemark>
      <Placemark>
        <name>ENEOS Dr.Driveセルフ末広SS</name>
        <styleUrl>#icon-1581-FF5252-nodesc</styleUrl>
        <Point>
          <coordinates>
            134.5693752,34.0629912,0
          </coordinates>
        </Point>
      </Placemark>
      <Placemark>
        <name>ENEOS Dr.Driveセルフ徳島SS</name>
        <styleUrl>#icon-1581-FF5252-nodesc</styleUrl>
        <Point>
          <coordinates>
            134.5591565,34.0795971,0
          </coordinates>
        </Point>
      </Placemark>
      <Placemark>
        <name>エネオス 福良SS</name>
        <styleUrl>#icon-1581-FF5252-nodesc</styleUrl>
        <Point>
          <coordinates>
            134.7251634,34.2591249,0
          </coordinates>
        </Point>
      </Placemark>
      <Placemark>
        <name>ENEOS アイランド宿毛SS</name>
        <styleUrl>#icon-1581-FF5252-nodesc</styleUrl>
        <Point>
          <coordinates>
            132.724641,32.935112,0
          </coordinates>
        </Point>
      </Placemark>
    </Folder>
    <Folder>
      <name>九州（福岡 佐賀 長崎 熊本 大分 宮崎 鹿児島）</name>
      <Placemark>
        <name>ENEOS Dr.Drive前田 SS (ワシダ)</name>
        <styleUrl>#icon-1581-FF5252-nodesc</styleUrl>
        <Point>
          <coordinates>
            130.790067,33.8677077,0
          </coordinates>
        </Point>
      </Placemark>
      <Placemark>
        <name>ENEOS Dr.Driveセルフ安武 SS (喜多村石油)</name>
        <styleUrl>#icon-1581-FF5252-nodesc</styleUrl>
        <Point>
          <coordinates>
            130.4907756,33.2885468,0
          </coordinates>
        </Point>
      </Placemark>
      <Placemark>
        <name>ENEOS 志布志ニュータウンセルフSS（大町商事）</name>
        <styleUrl>#icon-1581-FF5252-nodesc</styleUrl>
        <Point>
          <coordinates>
            131.089814,31.489945,0
          </coordinates>
        </Point>
      </Placemark>
      <Placemark>
        <name>ENEOS Dr.Drive久留米インター SS (喜多村石油)</name>
        <styleUrl>#icon-1581-FF5252-nodesc</styleUrl>
        <Point>
          <coordinates>
            130.541761,33.3202668,0
          </coordinates>
        </Point>
      </Placemark>
      <Placemark>
        <name>エネオス Dr.Drive久留米東店 (喜多村石油株式会社)</name>
        <styleUrl>#icon-1581-FF5252-nodesc</styleUrl>
        <Point>
          <coordinates>
            130.5613137,33.3196499,0
          </coordinates>
        </Point>
      </Placemark>
      <Placemark>
        <name>ENEOS Dr.Drive セルフ天大橋 SS (阿久根石油)</name>
        <styleUrl>#icon-1581-FF5252-nodesc</styleUrl>
        <Point>
          <coordinates>
            130.308552,31.828867,0
          </coordinates>
        </Point>
      </Placemark>
      <Placemark>
        <name>ENEOS Dr.Driveくし原 SS (喜多村石油)</name>
        <styleUrl>#icon-1581-FF5252-nodesc</styleUrl>
        <Point>
          <coordinates>
            130.5198058,33.3248562,0
          </coordinates>
        </Point>
      </Placemark>
      <Placemark>
        <name>ENEOS Dr.Driveセルフ北茂安 SS (喜多村石油)</name>
        <styleUrl>#icon-1581-FF5252-nodesc</styleUrl>
        <Point>
          <coordinates>
            130.4751424,33.3287964,0
          </coordinates>
        </Point>
      </Placemark>
      <Placemark>
        <name>ENEOS EneJet セルフシーサイド佐土原SS（シミズ）</name>
        <styleUrl>#icon-1581-FF5252-nodesc</styleUrl>
        <Point>
          <coordinates>
            131.476967,32.003909,0
          </coordinates>
        </Point>
      </Placemark>
      <Placemark>
        <name>ENEOS セルフ八代北SS（Misumi八代支店）</name>
        <styleUrl>#icon-1581-FF5252-nodesc</styleUrl>
        <Point>
          <coordinates>
            130.613506,32.510126,0
          </coordinates>
        </Point>
      </Placemark>
      <Placemark>
        <name>ENEOS セルフ信和ASO SS (古屋産業)</name>
        <styleUrl>#icon-1581-FF5252-nodesc</styleUrl>
        <Point>
          <coordinates>
            131.099651,32.93785,0
          </coordinates>
        </Point>
      </Placemark>
      <Placemark>
        <name>エネオス 神崎セルフSS</name>
        <styleUrl>#icon-1581-FF5252-nodesc</styleUrl>
        <Point>
          <coordinates>
            131.792241,33.23982,0
          </coordinates>
        </Point>
      </Placemark>
      <Placemark>
        <name>ENEOS Dr.Driveセルフ三輪 SS (喜多村石油)</name>
        <styleUrl>#icon-1581-FF5252-nodesc</styleUrl>
        <Point>
          <coordinates>
            130.6443418,33.430754,0
          </coordinates>
        </Point>
      </Placemark>
      <Placemark>
        <name>喜多村石油(株) Dr.Driveセルフ佐賀大和店</name>
        <styleUrl>#icon-1581-FF5252-nodesc</styleUrl>
        <Point>
          <coordinates>
            130.286028,33.2911305,0
          </coordinates>
        </Point>
      </Placemark>
      <Placemark>
        <name>ENEOS Dr.Driveセルフ医大通り SS (喜多村石油)</name>
        <styleUrl>#icon-1581-FF5252-nodesc</styleUrl>
        <Point>
          <coordinates>
            130.2696625,33.2774361,0
          </coordinates>
        </Point>
      </Placemark>
      <Placemark>
        <name>ENEOS Dr.Driveセルフ東部環状 SS (喜多村石油)</name>
        <styleUrl>#icon-1581-FF5252-nodesc</styleUrl>
        <Point>
          <coordinates>
            130.3164333,33.2645945,0
          </coordinates>
        </Point>
      </Placemark>
      <Placemark>
        <name>ENEOS Dr.Driveセルフ八女 SS (喜多村石油)</name>
        <styleUrl>#icon-1581-FF5252-nodesc</styleUrl>
        <Point>
          <coordinates>
            130.5457762,33.216494,0
          </coordinates>
        </Point>
      </Placemark>
      <Placemark>
        <name>ENEOS Dr.Driveセルフ新治 SS (喜多村石油)</name>
        <styleUrl>#icon-1581-FF5252-nodesc</styleUrl>
        <Point>
          <coordinates>
            130.920359,33.32301,0
          </coordinates>
        </Point>
      </Placemark>
      <Placemark>
        <name>ENEOS 知覧SS（知覧石油）</name>
        <styleUrl>#icon-1581-FF5252-nodesc</styleUrl>
        <Point>
          <coordinates>
            130.429361,31.357309,0
          </coordinates>
        </Point>
      </Placemark>
      <Placemark>
        <name>ENEOS セルフ新生町 SS (鹿屋西平石油店)</name>
        <styleUrl>#icon-1581-FF5252-nodesc</styleUrl>
        <Point>
          <coordinates>
            130.8467313,31.3808896,0
          </coordinates>
        </Point>
      </Placemark>
      <Placemark>
        <name>ENEOS 上荒田SS（Misumi鹿児島支店）</name>
        <styleUrl>#icon-1581-FF5252-nodesc</styleUrl>
        <Point>
          <coordinates>
            130.5473672,31.5737811,0
          </coordinates>
        </Point>
      </Placemark>
      <Placemark>
        <name>ENEOS 薬師SS（Misumi鹿児島支店）</name>
        <styleUrl>#icon-1581-FF5252-nodesc</styleUrl>
        <Point>
          <coordinates>
            130.5415723,31.5900358,0
          </coordinates>
        </Point>
      </Placemark>
      <Placemark>
        <name>ENEOS Dr.Driveセルフ武雄バイパス SS (喜多村石油)</name>
        <styleUrl>#icon-1581-FF5252-nodesc</styleUrl>
        <Point>
          <coordinates>
            130.0321796,33.1971465,0
          </coordinates>
        </Point>
      </Placemark>
      <Placemark>
        <name>ENEOS Dr.Driveセルフ佐賀下田 SS (喜多村石油)</name>
        <styleUrl>#icon-1581-FF5252-nodesc</styleUrl>
        <Point>
          <coordinates>
            130.2744758,33.2456046,0
          </coordinates>
        </Point>
      </Placemark>
      <Placemark>
        <name>エネオス ドクタードライブ鳥栖</name>
        <styleUrl>#icon-1581-FF5252-nodesc</styleUrl>
        <Point>
          <coordinates>
            130.5065538,33.3733513,0
          </coordinates>
        </Point>
      </Placemark>
      <Placemark>
        <name>ENEOS Dr.Driveセルフ鳥栖インター SS (喜多村石油)</name>
        <styleUrl>#icon-1581-FF5252-nodesc</styleUrl>
        <Point>
          <coordinates>
            130.5133107,33.3877701,0
          </coordinates>
        </Point>
      </Placemark>
      <Placemark>
        <name>ENEOS Dr.Driveセルフ美しが丘 SS (喜多村石油)</name>
        <styleUrl>#icon-1581-FF5252-nodesc</styleUrl>
        <Point>
          <coordinates>
            130.55187,33.446286,0
          </coordinates>
        </Point>
      </Placemark>
      <Placemark>
        <name>ENEOS Dr.Driveセルフ塔の原 SS (喜多村石油店)</name>
        <styleUrl>#icon-1581-FF5252-nodesc</styleUrl>
        <Point>
          <coordinates>
            130.5053642,33.496582,0
          </coordinates>
        </Point>
      </Placemark>
      <Placemark>
        <name>ENEOS Dr.Driveセルフ二日市 SS (喜多村石油店)</name>
        <styleUrl>#icon-1581-FF5252-nodesc</styleUrl>
        <Point>
          <coordinates>
            130.512424,33.503786,0
          </coordinates>
        </Point>
      </Placemark>
      <Placemark>
        <name>ENEOS Dr.Driveセルフ観晴ケ丘 SS (喜多村石油店)</name>
        <styleUrl>#icon-1581-FF5252-nodesc</styleUrl>
        <Point>
          <coordinates>
            130.4427883,33.5077769,0
          </coordinates>
        </Point>
      </Placemark>
      <Placemark>
        <name>ENEOS Dr.Driveセルフ那珂川 SS (喜多村石油店)</name>
        <styleUrl>#icon-1581-FF5252-nodesc</styleUrl>
        <Point>
          <coordinates>
            130.421829,33.5102317,0
          </coordinates>
        </Point>
      </Placemark>
      <Placemark>
        <name>ENEOS Dr.Driveセルフ貴船 SS (喜多村石油店)</name>
        <styleUrl>#icon-1581-FF5252-nodesc</styleUrl>
        <Point>
          <coordinates>
            130.5051783,33.5582318,0
          </coordinates>
        </Point>
      </Placemark>
      <Placemark>
        <name>ENEOS Dr.Driveセルフ金隈 SS (喜多村石油店)</name>
        <styleUrl>#icon-1581-FF5252-nodesc</styleUrl>
        <Point>
          <coordinates>
            130.4702735,33.559989,0
          </coordinates>
        </Point>
      </Placemark>
      <Placemark>
        <name>ENEOS Dr.Driveセルフ麦野 SS (喜多村石油店)</name>
        <styleUrl>#icon-1581-FF5252-nodesc</styleUrl>
        <Point>
          <coordinates>
            130.4585102,33.5502876,0
          </coordinates>
        </Point>
      </Placemark>
      <Placemark>
        <name>ENEOS Dr.Driveセルフ塩原 SS (喜多村石油店)</name>
        <styleUrl>#icon-1581-FF5252-nodesc</styleUrl>
        <Point>
          <coordinates>
            130.4219829,33.565338,0
          </coordinates>
        </Point>
      </Placemark>
      <Placemark>
        <name>ENEOS Dr.Driveセルフ薬院 SS (喜多村石油店)</name>
        <styleUrl>#icon-1581-FF5252-nodesc</styleUrl>
        <Point>
          <coordinates>
            130.400691,33.581494,0
          </coordinates>
        </Point>
      </Placemark>
      <Placemark>
        <name>ENEOS Dr.Driveセルフ空港口 SS (喜多村石油店)</name>
        <styleUrl>#icon-1581-FF5252-nodesc</styleUrl>
        <Point>
          <coordinates>
            130.4368139,33.6018833,0
          </coordinates>
        </Point>
      </Placemark>
      <Placemark>
        <name>ENEOS Dr.Driveセルフ志免 SS (喜多村石油)</name>
        <styleUrl>#icon-1581-FF5252-nodesc</styleUrl>
        <Point>
          <coordinates>
            130.4529055,33.6031021,0
          </coordinates>
        </Point>
      </Placemark>
      <Placemark>
        <name>ENEOS Dr.Driveセルフ片峰 SS (喜多村石油)</name>
        <styleUrl>#icon-1581-FF5252-nodesc</styleUrl>
        <Point>
          <coordinates>
            130.4788677,33.5869973,0
          </coordinates>
        </Point>
      </Placemark>
      <Placemark>
        <name>ENEOS Dr.Driveセルフ若宮 SS (喜多村石油店)</name>
        <styleUrl>#icon-1581-FF5252-nodesc</styleUrl>
        <Point>
          <coordinates>
            130.4415733,33.6408805,0
          </coordinates>
        </Point>
      </Placemark>
      <Placemark>
        <name>ENEOS Dr.Driveセントラル SS (喜多村石油店)</name>
        <styleUrl>#icon-1581-FF5252-nodesc</styleUrl>
        <Point>
          <coordinates>
            130.4279357,33.5909495,0
          </coordinates>
        </Point>
      </Placemark>
      <Placemark>
        <name>ENEOS Dr.Driveセルフ瑞穂 SS (喜多村石油店)</name>
        <styleUrl>#icon-1581-FF5252-nodesc</styleUrl>
        <Point>
          <coordinates>
            130.4280253,33.5834667,0
          </coordinates>
        </Point>
      </Placemark>
      <Placemark>
        <name>ENEOS Dr.Driveセルフ水城 SS (喜多村石油)</name>
        <styleUrl>#icon-1581-FF5252-nodesc</styleUrl>
        <Point>
          <coordinates>
            130.4976692,33.5232941,0
          </coordinates>
        </Point>
      </Placemark>
      <Placemark>
        <name>ENEOS Dr.Driveセルフ小田部 SS (喜多村石油店)</name>
        <styleUrl>#icon-1581-FF5252-nodesc</styleUrl>
        <Point>
          <coordinates>
            130.3288648,33.5680073,0
          </coordinates>
        </Point>
      </Placemark>
      <Placemark>
        <name>ENEOS Dr.Drive姪浜 SS (喜多村石油店)</name>
        <styleUrl>#icon-1581-FF5252-nodesc</styleUrl>
        <Point>
          <coordinates>
            130.315183,33.582165,0
          </coordinates>
        </Point>
      </Placemark>
      <Placemark>
        <name>ENEOS Dr.Driveセルフ日の里 SS (喜多村石油店)</name>
        <styleUrl>#icon-1581-FF5252-nodesc</styleUrl>
        <Point>
          <coordinates>
            130.5342054,33.7830959,0
          </coordinates>
        </Point>
      </Placemark>
      <Placemark>
        <name>ENEOS Dr.Driver八幡 SS (ワシダ)</name>
        <styleUrl>#icon-1581-FF5252-nodesc</styleUrl>
        <Point>
          <coordinates>
            130.7989032,33.8682855,0
          </coordinates>
        </Point>
      </Placemark>
      <Placemark>
        <name>ENEOS Dr.Driveセルフ佐賀下田 SS (喜多村石油)</name>
        <styleUrl>#icon-1581-FF5252-nodesc</styleUrl>
        <Point>
          <coordinates>
            130.2744758,33.2456046,0
          </coordinates>
        </Point>
      </Placemark>
      <Placemark>
        <name>ENEOS Dr.Driveセルフ小森野 SS (喜多村石油)</name>
        <styleUrl>#icon-1581-FF5252-nodesc</styleUrl>
        <Point>
          <coordinates>
            130.5120915,33.3383637,0
          </coordinates>
        </Point>
      </Placemark>
    </Folder>
    <Folder>
      <name>優待QUO支払可 JA-SS（全農系）</name>
      <Placemark>
        <name>智頭</name>
        <description><![CDATA[説明: 住所：鳥取県八頭郡知頭町名頭30-1<br>確認状態：画像再読取<br>用途：Google My Maps上での仮ピン確認<br>住所: 鳥取県八頭郡知頭町名頭30-1<br>確認状態: 画像再読取<br>﻿JA-SS名: ]]></description>
        <ExtendedData>
          <Data name="説明">
            <value>住所：鳥取県八頭郡知頭町名頭30-1
確認状態：画像再読取
用途：Google My Maps上での仮ピン確認</value>
          </Data>
          <Data name="住所">
            <value>鳥取県八頭郡知頭町名頭30-1</value>
          </Data>
          <Data name="確認状態">
            <value>画像再読取</value>
          </Data>
          <Data name="﻿JA-SS名">
            <value/>
          </Data>
        </ExtendedData>
      </Placemark>
      <Placemark>
        <name>JASS-PORT玲岡</name>
        <description><![CDATA[説明: 住所：山形県鈴岡市大字白山字西野196<br>確認状態：画像再読取<br>用途：Google My Maps上での仮ピン確認<br>住所: 山形県鈴岡市大字白山字西野196<br>確認状態: 画像再読取<br>﻿JA-SS名: ]]></description>
        <ExtendedData>
          <Data name="説明">
            <value>住所：山形県鈴岡市大字白山字西野196
確認状態：画像再読取
用途：Google My Maps上での仮ピン確認</value>
          </Data>
          <Data name="住所">
            <value>山形県鈴岡市大字白山字西野196</value>
          </Data>
          <Data name="確認状態">
            <value>画像再読取</value>
          </Data>
          <Data name="﻿JA-SS名">
            <value/>
          </Data>
        </ExtendedData>
      </Placemark>
      <Placemark>
        <name>金泉</name>
        <description><![CDATA[説明: 住所：新潟県佐渡市北作1583-1<br>確認状態：画像再読取<br>用途：Google My Maps上での仮ピン確認<br>住所: 新潟県佐渡市北作1583-1<br>確認状態: 画像再読取<br>﻿JA-SS名: ]]></description>
        <ExtendedData>
          <Data name="説明">
            <value>住所：新潟県佐渡市北作1583-1
確認状態：画像再読取
用途：Google My Maps上での仮ピン確認</value>
          </Data>
          <Data name="住所">
            <value>新潟県佐渡市北作1583-1</value>
          </Data>
          <Data name="確認状態">
            <value>画像再読取</value>
          </Data>
          <Data name="﻿JA-SS名">
            <value/>
          </Data>
        </ExtendedData>
      </Placemark>
      <Placemark>
        <name>藤岡東部</name>
        <description><![CDATA[説明: 住所：群馬県藤岡市下栗須長者塚11<br>確認状態：画像再読取<br>用途：Google My Maps上での仮ピン確認<br>住所: 群馬県藤岡市下栗須長者塚11<br>確認状態: 画像再読取<br>﻿JA-SS名: ]]></description>
        <ExtendedData>
          <Data name="説明">
            <value>住所：群馬県藤岡市下栗須長者塚11
確認状態：画像再読取
用途：Google My Maps上での仮ピン確認</value>
          </Data>
          <Data name="住所">
            <value>群馬県藤岡市下栗須長者塚11</value>
          </Data>
          <Data name="確認状態">
            <value>画像再読取</value>
          </Data>
          <Data name="﻿JA-SS名">
            <value/>
          </Data>
        </ExtendedData>
      </Placemark>
      <Placemark>
        <name>JASS-PORTしもだて</name>
        <description><![CDATA[説明: 住所：茨城県筑西市岡太2223<br>確認状態：画像再読取<br>用途：Google My Maps上での仮ピン確認<br>住所: 茨城県筑西市岡太2223<br>確認状態: 画像再読取<br>﻿JA-SS名: ]]></description>
        <ExtendedData>
          <Data name="説明">
            <value>住所：茨城県筑西市岡太2223
確認状態：画像再読取
用途：Google My Maps上での仮ピン確認</value>
          </Data>
          <Data name="住所">
            <value>茨城県筑西市岡太2223</value>
          </Data>
          <Data name="確認状態">
            <value>画像再読取</value>
          </Data>
          <Data name="﻿JA-SS名">
            <value/>
          </Data>
        </ExtendedData>
      </Placemark>
      <Placemark>
        <name>鯖石</name>
        <description><![CDATA[説明: 住所：青森県南津軽郡大角町大字鯖石字-本柳37-4<br>確認状態：旧抽出値<br>用途：Google My Maps上での仮ピン確認<br>住所: 青森県南津軽郡大角町大字鯖石字-本柳37-4<br>確認状態: 旧抽出値<br>﻿JA-SS名: ]]></description>
        <ExtendedData>
          <Data name="説明">
            <value>住所：青森県南津軽郡大角町大字鯖石字-本柳37-4
確認状態：旧抽出値
用途：Google My Maps上での仮ピン確認</value>
          </Data>
          <Data name="住所">
            <value>青森県南津軽郡大角町大字鯖石字-本柳37-4</value>
          </Data>
          <Data name="確認状態">
            <value>旧抽出値</value>
          </Data>
          <Data name="﻿JA-SS名">
            <value/>
          </Data>
        </ExtendedData>
      </Placemark>
      <Placemark>
        <name>香北</name>
        <description><![CDATA[説明: 住所：高知県香美市香北町華生野8701<br>確認状態：画像再読取<br>用途：Google My Maps上での仮ピン確認<br>住所: 高知県香美市香北町華生野8701<br>確認状態: 画像再読取<br>﻿JA-SS名: ]]></description>
        <ExtendedData>
          <Data name="説明">
            <value>住所：高知県香美市香北町華生野8701
確認状態：画像再読取
用途：Google My Maps上での仮ピン確認</value>
          </Data>
          <Data name="住所">
            <value>高知県香美市香北町華生野8701</value>
          </Data>
          <Data name="確認状態">
            <value>画像再読取</value>
          </Data>
          <Data name="﻿JA-SS名">
            <value/>
          </Data>
        </ExtendedData>
      </Placemark>
      <Placemark>
        <name>碇ヶ関</name>
        <description><![CDATA[説明: 住所：青森県平川市征ヶ関同原14-1<br>確認状態：手動補正<br>用途：Google My Maps上での仮ピン確認<br>住所: 青森県平川市征ヶ関同原14-1<br>確認状態: 手動補正<br>﻿JA-SS名: ]]></description>
        <ExtendedData>
          <Data name="説明">
            <value>住所：青森県平川市征ヶ関同原14-1
確認状態：手動補正
用途：Google My Maps上での仮ピン確認</value>
          </Data>
          <Data name="住所">
            <value>青森県平川市征ヶ関同原14-1</value>
          </Data>
          <Data name="確認状態">
            <value>手動補正</value>
          </Data>
          <Data name="﻿JA-SS名">
            <value/>
          </Data>
        </ExtendedData>
      </Placemark>
      <Placemark>
        <name>JA-SS / (株)ライフサポート北新潟 菅谷給油所</name>
        <description><![CDATA[説明: <br>住所: <br>確認状態: <br>﻿JA-SS名: ]]></description>
        <styleUrl>#icon-1581-0288D1</styleUrl>
        <ExtendedData>
          <Data name="説明">
            <value/>
          </Data>
          <Data name="住所">
            <value/>
          </Data>
          <Data name="確認状態">
            <value/>
          </Data>
          <Data name="﻿JA-SS名">
            <value/>
          </Data>
        </ExtendedData>
        <Point>
          <coordinates>
            139.4134732,37.9788877,0
          </coordinates>
        </Point>
      </Placemark>
      <Placemark>
        <name>JA-SS / (株)JA会津よつば総合サービス 永井野セルフSS</name>
        <description><![CDATA[説明: <br>住所: <br>確認状態: <br>﻿JA-SS名: ]]></description>
        <styleUrl>#icon-1581-0288D1</styleUrl>
        <ExtendedData>
          <Data name="説明">
            <value/>
          </Data>
          <Data name="住所">
            <value/>
          </Data>
          <Data name="確認状態">
            <value/>
          </Data>
          <Data name="﻿JA-SS名">
            <value/>
          </Data>
        </ExtendedData>
        <Point>
          <coordinates>
            139.834618,37.450221,0
          </coordinates>
        </Point>
      </Placemark>
      <Placemark>
        <name>JA-SS わかさ SS (JA福井県)</name>
        <description><![CDATA[説明: <br>住所: <br>確認状態: <br>﻿JA-SS名: ]]></description>
        <styleUrl>#icon-1581-0288D1</styleUrl>
        <ExtendedData>
          <Data name="説明">
            <value/>
          </Data>
          <Data name="住所">
            <value/>
          </Data>
          <Data name="確認状態">
            <value/>
          </Data>
          <Data name="﻿JA-SS名">
            <value/>
          </Data>
        </ExtendedData>
        <Point>
          <coordinates>
            135.7765359,35.4892384,0
          </coordinates>
        </Point>
      </Placemark>
      <Placemark>
        <name>JA-SS / ジェイエイ北つくば燃料(株) ジャスポートしもだて</name>
        <description><![CDATA[説明: <br>住所: <br>確認状態: <br>﻿JA-SS名: ]]></description>
        <styleUrl>#icon-1581-0288D1</styleUrl>
        <ExtendedData>
          <Data name="説明">
            <value/>
          </Data>
          <Data name="住所">
            <value/>
          </Data>
          <Data name="確認状態">
            <value/>
          </Data>
          <Data name="﻿JA-SS名">
            <value/>
          </Data>
        </ExtendedData>
        <Point>
          <coordinates>
            139.9676952,36.3167451,0
          </coordinates>
        </Point>
      </Placemark>
      <Placemark>
        <name>JA鶴岡 JASS−PORT鶴岡</name>
        <description><![CDATA[説明: <br>住所: <br>確認状態: <br>﻿JA-SS名: ]]></description>
        <styleUrl>#icon-1581-0288D1</styleUrl>
        <ExtendedData>
          <Data name="説明">
            <value/>
          </Data>
          <Data name="住所">
            <value/>
          </Data>
          <Data name="確認状態">
            <value/>
          </Data>
          <Data name="﻿JA-SS名">
            <value/>
          </Data>
        </ExtendedData>
        <Point>
          <coordinates>
            139.7772634,38.7251901,0
          </coordinates>
        </Point>
      </Placemark>
      <Placemark>
        <name>JA-SS 碇ヶ関SS</name>
        <description><![CDATA[説明: <br>住所: <br>確認状態: <br>﻿JA-SS名: ]]></description>
        <styleUrl>#icon-1581-0288D1</styleUrl>
        <ExtendedData>
          <Data name="説明">
            <value/>
          </Data>
          <Data name="住所">
            <value/>
          </Data>
          <Data name="確認状態">
            <value/>
          </Data>
          <Data name="﻿JA-SS名">
            <value/>
          </Data>
        </ExtendedData>
        <Point>
          <coordinates>
            140.6234621,40.484024,0
          </coordinates>
        </Point>
      </Placemark>
      <Placemark>
        <name>ＪＡ佐渡 金泉SS</name>
        <description><![CDATA[説明: <br>住所: <br>確認状態: <br>﻿JA-SS名: ]]></description>
        <styleUrl>#icon-1581-0288D1</styleUrl>
        <ExtendedData>
          <Data name="説明">
            <value/>
          </Data>
          <Data name="住所">
            <value/>
          </Data>
          <Data name="確認状態">
            <value/>
          </Data>
          <Data name="﻿JA-SS名">
            <value/>
          </Data>
        </ExtendedData>
        <Point>
          <coordinates>
            138.2508641,38.0918829,0
          </coordinates>
        </Point>
      </Placemark>
      <Placemark>
        <name>JA-SS 鯖石SS</name>
        <description><![CDATA[説明: <br>住所: <br>確認状態: <br>﻿JA-SS名: ]]></description>
        <styleUrl>#icon-1581-0288D1</styleUrl>
        <ExtendedData>
          <Data name="説明">
            <value/>
          </Data>
          <Data name="住所">
            <value/>
          </Data>
          <Data name="確認状態">
            <value/>
          </Data>
          <Data name="﻿JA-SS名">
            <value/>
          </Data>
        </ExtendedData>
        <Point>
          <coordinates>
            140.5554439,40.5367981,0
          </coordinates>
        </Point>
      </Placemark>
      <Placemark>
        <name>JA-SS｜メセナ株式会社 藤岡東部SS</name>
        <description><![CDATA[説明: <br>住所: <br>確認状態: <br>﻿JA-SS名: ]]></description>
        <styleUrl>#icon-1581-0288D1</styleUrl>
        <ExtendedData>
          <Data name="説明">
            <value/>
          </Data>
          <Data name="住所">
            <value/>
          </Data>
          <Data name="確認状態">
            <value/>
          </Data>
          <Data name="﻿JA-SS名">
            <value/>
          </Data>
        </ExtendedData>
        <Point>
          <coordinates>
            139.0931783,36.2612499,0
          </coordinates>
        </Point>
      </Placemark>
      <Placemark>
        <name>JA-SS / (株)ＪＡ建設エナジー ののいちSS</name>
        <description><![CDATA[説明: <br>住所: <br>確認状態: <br>﻿JA-SS名: ]]></description>
        <styleUrl>#icon-1581-0288D1</styleUrl>
        <ExtendedData>
          <Data name="説明">
            <value/>
          </Data>
          <Data name="住所">
            <value/>
          </Data>
          <Data name="確認状態">
            <value/>
          </Data>
          <Data name="﻿JA-SS名">
            <value/>
          </Data>
        </ExtendedData>
        <Point>
          <coordinates>
            136.6258087,36.5253918,0
          </coordinates>
        </Point>
      </Placemark>
      <Placemark>
        <name>ＪＡ茨城エネルギー(株) JASS-PORT常総ひかり</name>
        <description><![CDATA[説明: <br>住所: <br>確認状態: <br>﻿JA-SS名: ]]></description>
        <styleUrl>#icon-1581-0288D1</styleUrl>
        <ExtendedData>
          <Data name="説明">
            <value/>
          </Data>
          <Data name="住所">
            <value/>
          </Data>
          <Data name="確認状態">
            <value/>
          </Data>
          <Data name="﻿JA-SS名">
            <value/>
          </Data>
        </ExtendedData>
        <Point>
          <coordinates>
            139.9952465,36.1605128,0
          </coordinates>
        </Point>
      </Placemark>
      <Placemark>
        <name>JA-SS JASS-PORT池田</name>
        <description><![CDATA[説明: <br>住所: <br>確認状態: <br>﻿JA-SS名: ]]></description>
        <styleUrl>#icon-1581-0288D1</styleUrl>
        <ExtendedData>
          <Data name="説明">
            <value/>
          </Data>
          <Data name="住所">
            <value/>
          </Data>
          <Data name="確認状態">
            <value/>
          </Data>
          <Data name="﻿JA-SS名">
            <value/>
          </Data>
        </ExtendedData>
        <Point>
          <coordinates>
            136.563255,35.440417,0
          </coordinates>
        </Point>
      </Placemark>
      <Placemark>
        <name>ＪＡいみず野 カーポート大門SS</name>
        <description><![CDATA[説明: <br>住所: <br>確認状態: <br>﻿JA-SS名: ]]></description>
        <styleUrl>#icon-1581-0288D1</styleUrl>
        <ExtendedData>
          <Data name="説明">
            <value/>
          </Data>
          <Data name="住所">
            <value/>
          </Data>
          <Data name="確認状態">
            <value/>
          </Data>
          <Data name="﻿JA-SS名">
            <value/>
          </Data>
        </ExtendedData>
        <Point>
          <coordinates>
            137.0488418,36.7252932,0
          </coordinates>
        </Point>
      </Placemark>
      <Placemark>
        <name>㈱ライフサポート北新潟 かみはやしSS</name>
        <description><![CDATA[説明: <br>住所: <br>確認状態: <br>﻿JA-SS名: ]]></description>
        <styleUrl>#icon-1581-0288D1</styleUrl>
        <ExtendedData>
          <Data name="説明">
            <value/>
          </Data>
          <Data name="住所">
            <value/>
          </Data>
          <Data name="確認状態">
            <value/>
          </Data>
          <Data name="﻿JA-SS名">
            <value/>
          </Data>
        </ExtendedData>
        <Point>
          <coordinates>
            139.4600278,38.1581063,0
          </coordinates>
        </Point>
      </Placemark>
      <Placemark>
        <name>JA-SS ジャスポート四万十（JAエナジーこうち）</name>
        <description><![CDATA[説明: <br>住所: <br>確認状態: <br>﻿JA-SS名: ]]></description>
        <styleUrl>#icon-1581-0288D1</styleUrl>
        <ExtendedData>
          <Data name="説明">
            <value/>
          </Data>
          <Data name="住所">
            <value/>
          </Data>
          <Data name="確認状態">
            <value/>
          </Data>
          <Data name="﻿JA-SS名">
            <value/>
          </Data>
        </ExtendedData>
        <Point>
          <coordinates>
            132.9403565,32.9873359,0
          </coordinates>
        </Point>
      </Placemark>
      <Placemark>
        <name>JA-SS サンポートうおづ東</name>
        <description><![CDATA[説明: <br>住所: <br>確認状態: <br>﻿JA-SS名: ]]></description>
        <styleUrl>#icon-1581-0288D1</styleUrl>
        <ExtendedData>
          <Data name="説明">
            <value/>
          </Data>
          <Data name="住所">
            <value/>
          </Data>
          <Data name="確認状態">
            <value/>
          </Data>
          <Data name="﻿JA-SS名">
            <value/>
          </Data>
        </ExtendedData>
        <Point>
          <coordinates>
            137.4189864,36.8333171,0
          </coordinates>
        </Point>
      </Placemark>
      <Placemark>
        <name>JA-SS 船岡 SS (JAいなば燃料センター)</name>
        <description><![CDATA[説明: <br>住所: <br>確認状態: <br>﻿JA-SS名: ]]></description>
        <styleUrl>#icon-1581-0288D1</styleUrl>
        <ExtendedData>
          <Data name="説明">
            <value/>
          </Data>
          <Data name="住所">
            <value/>
          </Data>
          <Data name="確認状態">
            <value/>
          </Data>
          <Data name="﻿JA-SS名">
            <value/>
          </Data>
        </ExtendedData>
        <Point>
          <coordinates>
            134.2414506,35.3942478,0
          </coordinates>
        </Point>
      </Placemark>
      <Placemark>
        <name>JAやさと JASS-PORTやさと</name>
        <description><![CDATA[説明: <br>住所: <br>確認状態: <br>﻿JA-SS名: ]]></description>
        <styleUrl>#icon-1581-0288D1</styleUrl>
        <ExtendedData>
          <Data name="説明">
            <value/>
          </Data>
          <Data name="住所">
            <value/>
          </Data>
          <Data name="確認状態">
            <value/>
          </Data>
          <Data name="﻿JA-SS名">
            <value/>
          </Data>
        </ExtendedData>
        <Point>
          <coordinates>
            140.2067422,36.235936,0
          </coordinates>
        </Point>
      </Placemark>
      <Placemark>
        <name>JA-SS 用瀬 SS (JAいなば燃料センター)</name>
        <description><![CDATA[説明: <br>住所: <br>確認状態: <br>﻿JA-SS名: ]]></description>
        <styleUrl>#icon-1581-0288D1</styleUrl>
        <ExtendedData>
          <Data name="説明">
            <value/>
          </Data>
          <Data name="住所">
            <value/>
          </Data>
          <Data name="確認状態">
            <value/>
          </Data>
          <Data name="﻿JA-SS名">
            <value/>
          </Data>
        </ExtendedData>
        <Point>
          <coordinates>
            134.206657,35.3549175,0
          </coordinates>
        </Point>
      </Placemark>
      <Placemark>
        <name>JA-SS 美穂 SS (JAいなば燃料センター)</name>
        <description><![CDATA[説明: <br>住所: <br>確認状態: <br>﻿JA-SS名: ]]></description>
        <styleUrl>#icon-1581-0288D1</styleUrl>
        <ExtendedData>
          <Data name="説明">
            <value/>
          </Data>
          <Data name="住所">
            <value/>
          </Data>
          <Data name="確認状態">
            <value/>
          </Data>
          <Data name="﻿JA-SS名">
            <value/>
          </Data>
        </ExtendedData>
        <Point>
          <coordinates>
            134.2036706,35.4644086,0
          </coordinates>
        </Point>
      </Placemark>
      <Placemark>
        <name>JA-SS / (株)ライフサポート北新潟 ＪＡセルフ加治</name>
        <description><![CDATA[説明: <br>住所: <br>確認状態: <br>﻿JA-SS名: ]]></description>
        <styleUrl>#icon-1581-0288D1</styleUrl>
        <ExtendedData>
          <Data name="説明">
            <value/>
          </Data>
          <Data name="住所">
            <value/>
          </Data>
          <Data name="確認状態">
            <value/>
          </Data>
          <Data name="﻿JA-SS名">
            <value/>
          </Data>
        </ExtendedData>
        <Point>
          <coordinates>
            139.3629413,37.9698018,0
          </coordinates>
        </Point>
      </Placemark>
      <Placemark>
        <name>JA-SS 関金 SS (JA中央サービス)</name>
        <description><![CDATA[説明: <br>住所: <br>確認状態: <br>﻿JA-SS名: ]]></description>
        <styleUrl>#icon-1581-0288D1</styleUrl>
        <ExtendedData>
          <Data name="説明">
            <value/>
          </Data>
          <Data name="住所">
            <value/>
          </Data>
          <Data name="確認状態">
            <value/>
          </Data>
          <Data name="﻿JA-SS名">
            <value/>
          </Data>
        </ExtendedData>
        <Point>
          <coordinates>
            133.7529982,35.3699283,0
          </coordinates>
        </Point>
      </Placemark>
      <Placemark>
        <name>JA-SS 日南給油所</name>
        <description><![CDATA[説明: <br>住所: <br>確認状態: <br>﻿JA-SS名: ]]></description>
        <styleUrl>#icon-1581-0288D1</styleUrl>
        <ExtendedData>
          <Data name="説明">
            <value/>
          </Data>
          <Data name="住所">
            <value/>
          </Data>
          <Data name="確認状態">
            <value/>
          </Data>
          <Data name="﻿JA-SS名">
            <value/>
          </Data>
        </ExtendedData>
        <Point>
          <coordinates>
            133.306451,35.164979,0
          </coordinates>
        </Point>
      </Placemark>
      <Placemark>
        <name>JA-SS ジャスポート佐賀 SS (JAエナジーこうち)</name>
        <description><![CDATA[説明: <br>住所: <br>確認状態: <br>﻿JA-SS名: ]]></description>
        <styleUrl>#icon-1581-0288D1</styleUrl>
        <ExtendedData>
          <Data name="説明">
            <value/>
          </Data>
          <Data name="住所">
            <value/>
          </Data>
          <Data name="確認状態">
            <value/>
          </Data>
          <Data name="﻿JA-SS名">
            <value/>
          </Data>
        </ExtendedData>
        <Point>
          <coordinates>
            133.1044039,33.080705,0
          </coordinates>
        </Point>
      </Placemark>
      <Placemark>
        <name>JA-SS 尾花沢中央 / (株)みちのくサービス</name>
        <description><![CDATA[説明: <br>住所: <br>確認状態: <br>﻿JA-SS名: ]]></description>
        <styleUrl>#icon-1581-0288D1</styleUrl>
        <ExtendedData>
          <Data name="説明">
            <value/>
          </Data>
          <Data name="住所">
            <value/>
          </Data>
          <Data name="確認状態">
            <value/>
          </Data>
          <Data name="﻿JA-SS名">
            <value/>
          </Data>
        </ExtendedData>
        <Point>
          <coordinates>
            140.4216044,38.6098106,0
          </coordinates>
        </Point>
      </Placemark>
      <Placemark>
        <name>JA-SS 高尾セルフ SS (JA晴れの国岡山)</name>
        <description><![CDATA[説明: <br>住所: <br>確認状態: <br>﻿JA-SS名: ]]></description>
        <styleUrl>#icon-1581-0288D1</styleUrl>
        <ExtendedData>
          <Data name="説明">
            <value/>
          </Data>
          <Data name="住所">
            <value/>
          </Data>
          <Data name="確認状態">
            <value/>
          </Data>
          <Data name="﻿JA-SS名">
            <value/>
          </Data>
        </ExtendedData>
        <Point>
          <coordinates>
            133.4446623,34.9970439,0
          </coordinates>
        </Point>
      </Placemark>
      <Placemark>
        <name>JA-SS セルフ逢束SS (JA中央サービス)</name>
        <description><![CDATA[説明: <br>住所: <br>確認状態: <br>﻿JA-SS名: ]]></description>
        <styleUrl>#icon-1581-0288D1</styleUrl>
        <ExtendedData>
          <Data name="説明">
            <value/>
          </Data>
          <Data name="住所">
            <value/>
          </Data>
          <Data name="確認状態">
            <value/>
          </Data>
          <Data name="﻿JA-SS名">
            <value/>
          </Data>
        </ExtendedData>
        <Point>
          <coordinates>
            133.7035298,35.5038419,0
          </coordinates>
        </Point>
      </Placemark>
      <Placemark>
        <name>(株)JA会津よつば総合サービス 豊川SS</name>
        <description><![CDATA[説明: <br>住所: <br>確認状態: <br>﻿JA-SS名: ]]></description>
        <styleUrl>#icon-1581-0288D1</styleUrl>
        <ExtendedData>
          <Data name="説明">
            <value/>
          </Data>
          <Data name="住所">
            <value/>
          </Data>
          <Data name="確認状態">
            <value/>
          </Data>
          <Data name="﻿JA-SS名">
            <value/>
          </Data>
        </ExtendedData>
        <Point>
          <coordinates>
            139.8741851,37.6340532,0
          </coordinates>
        </Point>
      </Placemark>
      <Placemark>
        <name>ＪＡののいち JASS-PORT富奥</name>
        <description><![CDATA[説明: <br>住所: <br>確認状態: <br>﻿JA-SS名: ]]></description>
        <styleUrl>#icon-1581-0288D1</styleUrl>
        <ExtendedData>
          <Data name="説明">
            <value/>
          </Data>
          <Data name="住所">
            <value/>
          </Data>
          <Data name="確認状態">
            <value/>
          </Data>
          <Data name="﻿JA-SS名">
            <value/>
          </Data>
        </ExtendedData>
        <Point>
          <coordinates>
            136.6095225,36.5147195,0
          </coordinates>
        </Point>
      </Placemark>
      <Placemark>
        <name>JA-SS 千種 SS (JAハリマ)</name>
        <description><![CDATA[説明: <br>住所: <br>確認状態: <br>﻿JA-SS名: ]]></description>
        <styleUrl>#icon-1581-0288D1</styleUrl>
        <ExtendedData>
          <Data name="説明">
            <value/>
          </Data>
          <Data name="住所">
            <value/>
          </Data>
          <Data name="確認状態">
            <value/>
          </Data>
          <Data name="﻿JA-SS名">
            <value/>
          </Data>
        </ExtendedData>
        <Point>
          <coordinates>
            134.443909,35.146557,0
          </coordinates>
        </Point>
      </Placemark>
      <Placemark>
        <name>JA佐渡 両津セルフSS</name>
        <description><![CDATA[説明: <br>住所: <br>確認状態: <br>﻿JA-SS名: ]]></description>
        <styleUrl>#icon-1581-0288D1</styleUrl>
        <ExtendedData>
          <Data name="説明">
            <value/>
          </Data>
          <Data name="住所">
            <value/>
          </Data>
          <Data name="確認状態">
            <value/>
          </Data>
          <Data name="﻿JA-SS名">
            <value/>
          </Data>
        </ExtendedData>
        <Point>
          <coordinates>
            138.4424472,38.0713173,0
          </coordinates>
        </Point>
      </Placemark>
      <Placemark>
        <name>ＪＡひだ JASS-PORT金桶</name>
        <description><![CDATA[説明: <br>住所: <br>確認状態: <br>﻿JA-SS名: ]]></description>
        <styleUrl>#icon-1581-0288D1</styleUrl>
        <ExtendedData>
          <Data name="説明">
            <value/>
          </Data>
          <Data name="住所">
            <value/>
          </Data>
          <Data name="確認状態">
            <value/>
          </Data>
          <Data name="﻿JA-SS名">
            <value/>
          </Data>
        </ExtendedData>
        <Point>
          <coordinates>
            137.2237602,36.2052545,0
          </coordinates>
        </Point>
      </Placemark>
      <Placemark>
        <name>JA-SS 朝日丘給油所</name>
        <description><![CDATA[説明: <br>住所: <br>確認状態: <br>﻿JA-SS名: ]]></description>
        <styleUrl>#icon-1581-0288D1</styleUrl>
        <ExtendedData>
          <Data name="説明">
            <value/>
          </Data>
          <Data name="住所">
            <value/>
          </Data>
          <Data name="確認状態">
            <value/>
          </Data>
          <Data name="﻿JA-SS名">
            <value/>
          </Data>
        </ExtendedData>
        <Point>
          <coordinates>
            136.9808963,36.8453962,0
          </coordinates>
        </Point>
      </Placemark>
      <Placemark>
        <name>ＪＡ新潟かがやき 福木岡SS</name>
        <description><![CDATA[説明: <br>住所: <br>確認状態: <br>﻿JA-SS名: ]]></description>
        <styleUrl>#icon-1581-0288D1</styleUrl>
        <ExtendedData>
          <Data name="説明">
            <value/>
          </Data>
          <Data name="住所">
            <value/>
          </Data>
          <Data name="確認状態">
            <value/>
          </Data>
          <Data name="﻿JA-SS名">
            <value/>
          </Data>
        </ExtendedData>
        <Point>
          <coordinates>
            138.867778,37.7596871,0
          </coordinates>
        </Point>
      </Placemark>
      <Placemark>
        <name>JA-SS 川東 SS (JA香川県オートエナジー)</name>
        <description><![CDATA[説明: <br>住所: <br>確認状態: <br>﻿JA-SS名: ]]></description>
        <styleUrl>#icon-1581-0288D1</styleUrl>
        <ExtendedData>
          <Data name="説明">
            <value/>
          </Data>
          <Data name="住所">
            <value/>
          </Data>
          <Data name="確認状態">
            <value/>
          </Data>
          <Data name="﻿JA-SS名">
            <value/>
          </Data>
        </ExtendedData>
        <Point>
          <coordinates>
            134.0345134,34.2319173,0
          </coordinates>
        </Point>
      </Placemark>
      <Placemark>
        <name>JA-SS 滝宮 SS (JA香川県オートエナジー)</name>
        <description><![CDATA[説明: <br>住所: <br>確認状態: <br>﻿JA-SS名: ]]></description>
        <styleUrl>#icon-1581-0288D1</styleUrl>
        <ExtendedData>
          <Data name="説明">
            <value/>
          </Data>
          <Data name="住所">
            <value/>
          </Data>
          <Data name="確認状態">
            <value/>
          </Data>
          <Data name="﻿JA-SS名">
            <value/>
          </Data>
        </ExtendedData>
        <Point>
          <coordinates>
            133.936209,34.250138,0
          </coordinates>
        </Point>
      </Placemark>
      <Placemark>
        <name>JA-SS 山下SS（ライフサポートわたり）</name>
        <description><![CDATA[説明: <br>住所: <br>確認状態: <br>﻿JA-SS名: ]]></description>
        <styleUrl>#icon-1581-0288D1</styleUrl>
        <ExtendedData>
          <Data name="説明">
            <value/>
          </Data>
          <Data name="住所">
            <value/>
          </Data>
          <Data name="確認状態">
            <value/>
          </Data>
          <Data name="﻿JA-SS名">
            <value/>
          </Data>
        </ExtendedData>
        <Point>
          <coordinates>
            140.872838,37.976725,0
          </coordinates>
        </Point>
      </Placemark>
      <Placemark>
        <name>JA-SS 南条 SS (コープ武生)</name>
        <description><![CDATA[説明: <br>住所: <br>確認状態: <br>﻿JA-SS名: ]]></description>
        <styleUrl>#icon-1581-0288D1</styleUrl>
        <ExtendedData>
          <Data name="説明">
            <value/>
          </Data>
          <Data name="住所">
            <value/>
          </Data>
          <Data name="確認状態">
            <value/>
          </Data>
          <Data name="﻿JA-SS名">
            <value/>
          </Data>
        </ExtendedData>
        <Point>
          <coordinates>
            136.1929451,35.8366495,0
          </coordinates>
        </Point>
      </Placemark>
      <Placemark>
        <name>ＪＡ魚沼 セルフ広瀬SS</name>
        <description><![CDATA[説明: <br>住所: <br>確認状態: <br>﻿JA-SS名: ]]></description>
        <styleUrl>#icon-1581-0288D1</styleUrl>
        <ExtendedData>
          <Data name="説明">
            <value/>
          </Data>
          <Data name="住所">
            <value/>
          </Data>
          <Data name="確認状態">
            <value/>
          </Data>
          <Data name="﻿JA-SS名">
            <value/>
          </Data>
        </ExtendedData>
        <Point>
          <coordinates>
            138.9816693,37.27629,0
          </coordinates>
        </Point>
      </Placemark>
      <Placemark>
        <name>JA-SS 美山中央SS</name>
        <description><![CDATA[説明: <br>住所: <br>確認状態: <br>﻿JA-SS名: ]]></description>
        <styleUrl>#icon-1581-0288D1</styleUrl>
        <ExtendedData>
          <Data name="説明">
            <value/>
          </Data>
          <Data name="住所">
            <value/>
          </Data>
          <Data name="確認状態">
            <value/>
          </Data>
          <Data name="﻿JA-SS名">
            <value/>
          </Data>
        </ExtendedData>
        <Point>
          <coordinates>
            136.360672,36.0019622,0
          </coordinates>
        </Point>
      </Placemark>
      <Placemark>
        <name>JA-SS 神岡SS</name>
        <description><![CDATA[説明: <br>住所: <br>確認状態: <br>﻿JA-SS名: ]]></description>
        <styleUrl>#icon-1581-0288D1</styleUrl>
        <ExtendedData>
          <Data name="説明">
            <value/>
          </Data>
          <Data name="住所">
            <value/>
          </Data>
          <Data name="確認状態">
            <value/>
          </Data>
          <Data name="﻿JA-SS名">
            <value/>
          </Data>
        </ExtendedData>
        <Point>
          <coordinates>
            140.4307993,39.498347,0
          </coordinates>
        </Point>
      </Placemark>
      <Placemark>
        <name>JA-SS / (株)ＪＡ建設エナジー パシュートむらいSS</name>
        <description><![CDATA[説明: <br>住所: <br>確認状態: <br>﻿JA-SS名: ]]></description>
        <styleUrl>#icon-1581-0288D1</styleUrl>
        <ExtendedData>
          <Data name="説明">
            <value/>
          </Data>
          <Data name="住所">
            <value/>
          </Data>
          <Data name="確認状態">
            <value/>
          </Data>
          <Data name="﻿JA-SS名">
            <value/>
          </Data>
        </ExtendedData>
        <Point>
          <coordinates>
            136.5586423,36.5184783,0
          </coordinates>
        </Point>
      </Placemark>
      <Placemark>
        <name>JA-SS 第一セルフSS</name>
        <description><![CDATA[説明: <br>住所: <br>確認状態: <br>﻿JA-SS名: ]]></description>
        <styleUrl>#icon-1581-0288D1</styleUrl>
        <ExtendedData>
          <Data name="説明">
            <value/>
          </Data>
          <Data name="住所">
            <value/>
          </Data>
          <Data name="確認状態">
            <value/>
          </Data>
          <Data name="﻿JA-SS名">
            <value/>
          </Data>
        </ExtendedData>
        <Point>
          <coordinates>
            140.4604515,37.7932031,0
          </coordinates>
        </Point>
      </Placemark>
      <Placemark>
        <name>ＪＡ佐渡 赤泊SS</name>
        <description><![CDATA[説明: <br>住所: <br>確認状態: <br>﻿JA-SS名: ]]></description>
        <styleUrl>#icon-1581-0288D1</styleUrl>
        <ExtendedData>
          <Data name="説明">
            <value/>
          </Data>
          <Data name="住所">
            <value/>
          </Data>
          <Data name="確認状態">
            <value/>
          </Data>
          <Data name="﻿JA-SS名">
            <value/>
          </Data>
        </ExtendedData>
        <Point>
          <coordinates>
            138.417444,37.8727049,0
          </coordinates>
        </Point>
      </Placemark>
      <Placemark>
        <name>ＪＡ佐渡 松ヶ崎ＳＳ</name>
        <description><![CDATA[説明: <br>住所: <br>確認状態: <br>﻿JA-SS名: ]]></description>
        <styleUrl>#icon-1581-0288D1</styleUrl>
        <ExtendedData>
          <Data name="説明">
            <value/>
          </Data>
          <Data name="住所">
            <value/>
          </Data>
          <Data name="確認状態">
            <value/>
          </Data>
          <Data name="﻿JA-SS名">
            <value/>
          </Data>
        </ExtendedData>
        <Point>
          <coordinates>
            138.4802258,37.9137131,0
          </coordinates>
        </Point>
      </Placemark>
      <Placemark>
        <name>JA-SS / あおば興産(株) スマイルプラザ井田SS</name>
        <description><![CDATA[説明: <br>住所: <br>確認状態: <br>﻿JA-SS名: ]]></description>
        <styleUrl>#icon-1581-0288D1</styleUrl>
        <ExtendedData>
          <Data name="説明">
            <value/>
          </Data>
          <Data name="住所">
            <value/>
          </Data>
          <Data name="確認状態">
            <value/>
          </Data>
          <Data name="﻿JA-SS名">
            <value/>
          </Data>
        </ExtendedData>
        <Point>
          <coordinates>
            137.1449179,36.5904339,0
          </coordinates>
        </Point>
      </Placemark>
      <Placemark>
        <name>JASS ＪＡ小松市 8号線SS</name>
        <description><![CDATA[説明: <br>住所: <br>確認状態: <br>﻿JA-SS名: ]]></description>
        <styleUrl>#icon-1581-0288D1</styleUrl>
        <ExtendedData>
          <Data name="説明">
            <value/>
          </Data>
          <Data name="住所">
            <value/>
          </Data>
          <Data name="確認状態">
            <value/>
          </Data>
          <Data name="﻿JA-SS名">
            <value/>
          </Data>
        </ExtendedData>
        <Point>
          <coordinates>
            136.4545805,36.3945723,0
          </coordinates>
        </Point>
      </Placemark>
      <Placemark>
        <name>JA-SS 白兎SS</name>
        <description><![CDATA[説明: <br>住所: <br>確認状態: <br>﻿JA-SS名: ]]></description>
        <styleUrl>#icon-1581-0288D1</styleUrl>
        <ExtendedData>
          <Data name="説明">
            <value/>
          </Data>
          <Data name="住所">
            <value/>
          </Data>
          <Data name="確認状態">
            <value/>
          </Data>
          <Data name="﻿JA-SS名">
            <value/>
          </Data>
        </ExtendedData>
        <Point>
          <coordinates>
            134.1503523,35.5278156,0
          </coordinates>
        </Point>
      </Placemark>
      <Placemark>
        <name>JA-SS JASS-PORT池田東 SS (JAいび川)</name>
        <description><![CDATA[説明: <br>住所: <br>確認状態: <br>﻿JA-SS名: ]]></description>
        <styleUrl>#icon-1581-0288D1</styleUrl>
        <ExtendedData>
          <Data name="説明">
            <value/>
          </Data>
          <Data name="住所">
            <value/>
          </Data>
          <Data name="確認状態">
            <value/>
          </Data>
          <Data name="﻿JA-SS名">
            <value/>
          </Data>
        </ExtendedData>
        <Point>
          <coordinates>
            136.587358,35.448175,0
          </coordinates>
        </Point>
      </Placemark>
      <Placemark>
        <name>JA-SS 鯖江インター (JA福井県)</name>
        <description><![CDATA[説明: <br>住所: <br>確認状態: <br>﻿JA-SS名: ]]></description>
        <styleUrl>#icon-1581-0288D1</styleUrl>
        <ExtendedData>
          <Data name="説明">
            <value/>
          </Data>
          <Data name="住所">
            <value/>
          </Data>
          <Data name="確認状態">
            <value/>
          </Data>
          <Data name="﻿JA-SS名">
            <value/>
          </Data>
        </ExtendedData>
        <Point>
          <coordinates>
            136.1986091,35.9498812,0
          </coordinates>
        </Point>
      </Placemark>
      <Placemark>
        <name>JA-SS 赤碕 SS (JA中央サービス)</name>
        <description><![CDATA[説明: <br>住所: <br>確認状態: <br>﻿JA-SS名: ]]></description>
        <styleUrl>#icon-1581-0288D1</styleUrl>
        <ExtendedData>
          <Data name="説明">
            <value/>
          </Data>
          <Data name="住所">
            <value/>
          </Data>
          <Data name="確認状態">
            <value/>
          </Data>
          <Data name="﻿JA-SS名">
            <value/>
          </Data>
        </ExtendedData>
        <Point>
          <coordinates>
            133.6314093,35.5111444,0
          </coordinates>
        </Point>
      </Placemark>
      <Placemark>
        <name>JA-SS / (株)ライフサポート北新潟 クローバーなかじょうSS</name>
        <description><![CDATA[説明: <br>住所: <br>確認状態: <br>﻿JA-SS名: ]]></description>
        <styleUrl>#icon-1581-0288D1</styleUrl>
        <ExtendedData>
          <Data name="説明">
            <value/>
          </Data>
          <Data name="住所">
            <value/>
          </Data>
          <Data name="確認状態">
            <value/>
          </Data>
          <Data name="﻿JA-SS名">
            <value/>
          </Data>
        </ExtendedData>
        <Point>
          <coordinates>
            139.398587,38.06178,0
          </coordinates>
        </Point>
      </Placemark>
      <Placemark>
        <name>JA-SS / (株)JAサービス夢みなみ 湯本SS</name>
        <description><![CDATA[説明: <br>住所: <br>確認状態: <br>﻿JA-SS名: ]]></description>
        <styleUrl>#icon-1581-0288D1</styleUrl>
        <ExtendedData>
          <Data name="説明">
            <value/>
          </Data>
          <Data name="住所">
            <value/>
          </Data>
          <Data name="確認状態">
            <value/>
          </Data>
          <Data name="﻿JA-SS名">
            <value/>
          </Data>
        </ExtendedData>
        <Point>
          <coordinates>
            140.0175823,37.2748792,0
          </coordinates>
        </Point>
      </Placemark>
      <Placemark>
        <name>JA-SS 岡田セルフ SS (JA香川県オートエナジー)</name>
        <description><![CDATA[説明: <br>住所: <br>確認状態: <br>﻿JA-SS名: ]]></description>
        <styleUrl>#icon-1581-0288D1</styleUrl>
        <ExtendedData>
          <Data name="説明">
            <value/>
          </Data>
          <Data name="住所">
            <value/>
          </Data>
          <Data name="確認状態">
            <value/>
          </Data>
          <Data name="﻿JA-SS名">
            <value/>
          </Data>
        </ExtendedData>
        <Point>
          <coordinates>
            133.8588039,34.2243126,0
          </coordinates>
        </Point>
      </Placemark>
      <Placemark>
        <name>JA-SS / ＪＡはくい 太田SS</name>
        <description><![CDATA[説明: <br>住所: <br>確認状態: <br>﻿JA-SS名: ]]></description>
        <styleUrl>#icon-1581-0288D1</styleUrl>
        <ExtendedData>
          <Data name="説明">
            <value/>
          </Data>
          <Data name="住所">
            <value/>
          </Data>
          <Data name="確認状態">
            <value/>
          </Data>
          <Data name="﻿JA-SS名">
            <value/>
          </Data>
        </ExtendedData>
        <Point>
          <coordinates>
            136.8120522,36.8953366,0
          </coordinates>
        </Point>
      </Placemark>
      <Placemark>
        <name>JA-SS 西仙北SS / (株)おばこライフサービス</name>
        <description><![CDATA[説明: <br>住所: <br>確認状態: <br>﻿JA-SS名: ]]></description>
        <styleUrl>#icon-1581-0288D1</styleUrl>
        <ExtendedData>
          <Data name="説明">
            <value/>
          </Data>
          <Data name="住所">
            <value/>
          </Data>
          <Data name="確認状態">
            <value/>
          </Data>
          <Data name="﻿JA-SS名">
            <value/>
          </Data>
        </ExtendedData>
        <Point>
          <coordinates>
            140.3673352,39.5462119,0
          </coordinates>
        </Point>
      </Placemark>
      <Placemark>
        <name>ＪＡ全農いしかわ金沢自動車整備工場</name>
        <description><![CDATA[説明: <br>住所: <br>確認状態: <br>﻿JA-SS名: ]]></description>
        <styleUrl>#icon-1581-0288D1</styleUrl>
        <ExtendedData>
          <Data name="説明">
            <value/>
          </Data>
          <Data name="住所">
            <value/>
          </Data>
          <Data name="確認状態">
            <value/>
          </Data>
          <Data name="﻿JA-SS名">
            <value/>
          </Data>
        </ExtendedData>
        <Point>
          <coordinates>
            136.6048873,36.5630115,0
          </coordinates>
        </Point>
      </Placemark>
      <Placemark>
        <name>JA-SS 岩美 SS (JAいなば燃料センター)</name>
        <description><![CDATA[説明: <br>住所: <br>確認状態: <br>﻿JA-SS名: ]]></description>
        <styleUrl>#icon-1581-0288D1</styleUrl>
        <ExtendedData>
          <Data name="説明">
            <value/>
          </Data>
          <Data name="住所">
            <value/>
          </Data>
          <Data name="確認状態">
            <value/>
          </Data>
          <Data name="﻿JA-SS名">
            <value/>
          </Data>
        </ExtendedData>
        <Point>
          <coordinates>
            134.3251019,35.5672416,0
          </coordinates>
        </Point>
      </Placemark>
      <Placemark>
        <name>JA-SS 中浜給油所</name>
        <description><![CDATA[説明: <br>住所: <br>確認状態: <br>﻿JA-SS名: ]]></description>
        <styleUrl>#icon-1581-0288D1</styleUrl>
        <ExtendedData>
          <Data name="説明">
            <value/>
          </Data>
          <Data name="住所">
            <value/>
          </Data>
          <Data name="確認状態">
            <value/>
          </Data>
          <Data name="﻿JA-SS名">
            <value/>
          </Data>
        </ExtendedData>
        <Point>
          <coordinates>
            133.2564189,35.5050855,0
          </coordinates>
        </Point>
      </Placemark>
      <Placemark>
        <name>JA-SS 後川給油所（JAエナジーこうち）</name>
        <description><![CDATA[説明: <br>住所: <br>確認状態: <br>﻿JA-SS名: ]]></description>
        <styleUrl>#icon-1581-0288D1</styleUrl>
        <ExtendedData>
          <Data name="説明">
            <value/>
          </Data>
          <Data name="住所">
            <value/>
          </Data>
          <Data name="確認状態">
            <value/>
          </Data>
          <Data name="﻿JA-SS名">
            <value/>
          </Data>
        </ExtendedData>
        <Point>
          <coordinates>
            132.9269648,33.0045812,0
          </coordinates>
        </Point>
      </Placemark>
      <Placemark>
        <name>JA-SS 下郷SS / (株)JA会津よつば総合サービス</name>
        <description><![CDATA[説明: <br>住所: <br>確認状態: <br>﻿JA-SS名: ]]></description>
        <styleUrl>#icon-1581-0288D1</styleUrl>
        <ExtendedData>
          <Data name="説明">
            <value/>
          </Data>
          <Data name="住所">
            <value/>
          </Data>
          <Data name="確認状態">
            <value/>
          </Data>
          <Data name="﻿JA-SS名">
            <value/>
          </Data>
        </ExtendedData>
        <Point>
          <coordinates>
            139.8861319,37.2659294,0
          </coordinates>
        </Point>
      </Placemark>
      <Placemark>
        <name>JA-SS 和田島セルフ SS (JA東とくしまサービス)</name>
        <description><![CDATA[説明: <br>住所: <br>確認状態: <br>﻿JA-SS名: ]]></description>
        <styleUrl>#icon-1581-0288D1</styleUrl>
        <ExtendedData>
          <Data name="説明">
            <value/>
          </Data>
          <Data name="住所">
            <value/>
          </Data>
          <Data name="確認状態">
            <value/>
          </Data>
          <Data name="﻿JA-SS名">
            <value/>
          </Data>
        </ExtendedData>
        <Point>
          <coordinates>
            134.6327596,33.9905321,0
          </coordinates>
        </Point>
      </Placemark>
      <Placemark>
        <name>JA-SS 大高給油所</name>
        <description><![CDATA[説明: <br>住所: <br>確認状態: <br>﻿JA-SS名: ]]></description>
        <styleUrl>#icon-1581-0288D1</styleUrl>
        <ExtendedData>
          <Data name="説明">
            <value/>
          </Data>
          <Data name="住所">
            <value/>
          </Data>
          <Data name="確認状態">
            <value/>
          </Data>
          <Data name="﻿JA-SS名">
            <value/>
          </Data>
        </ExtendedData>
        <Point>
          <coordinates>
            133.4057588,35.4255379,0
          </coordinates>
        </Point>
      </Placemark>
      <Placemark>
        <name>ＪＡみなみ魚沼 セルフ石打SS</name>
        <description><![CDATA[説明: <br>住所: <br>確認状態: <br>﻿JA-SS名: ]]></description>
        <styleUrl>#icon-1581-0288D1</styleUrl>
        <ExtendedData>
          <Data name="説明">
            <value/>
          </Data>
          <Data name="住所">
            <value/>
          </Data>
          <Data name="確認状態">
            <value/>
          </Data>
          <Data name="﻿JA-SS名">
            <value/>
          </Data>
        </ExtendedData>
        <Point>
          <coordinates>
            138.8096458,36.9886877,0
          </coordinates>
        </Point>
      </Placemark>
      <Placemark>
        <name>JA-SS 鯖江西 (JA福井県)</name>
        <description><![CDATA[説明: <br>住所: <br>確認状態: <br>﻿JA-SS名: ]]></description>
        <styleUrl>#icon-1581-0288D1</styleUrl>
        <ExtendedData>
          <Data name="説明">
            <value/>
          </Data>
          <Data name="住所">
            <value/>
          </Data>
          <Data name="確認状態">
            <value/>
          </Data>
          <Data name="﻿JA-SS名">
            <value/>
          </Data>
        </ExtendedData>
        <Point>
          <coordinates>
            136.1758684,35.9619971,0
          </coordinates>
        </Point>
      </Placemark>
      <Placemark>
        <name>JA-SS 川東セルフ給油所 (JAならけん)</name>
        <description><![CDATA[説明: <br>住所: <br>確認状態: <br>﻿JA-SS名: ]]></description>
        <styleUrl>#icon-1581-0288D1</styleUrl>
        <ExtendedData>
          <Data name="説明">
            <value/>
          </Data>
          <Data name="住所">
            <value/>
          </Data>
          <Data name="確認状態">
            <value/>
          </Data>
          <Data name="﻿JA-SS名">
            <value/>
          </Data>
        </ExtendedData>
        <Point>
          <coordinates>
            135.8002908,34.5545995,0
          </coordinates>
        </Point>
      </Placemark>
      <Placemark>
        <name>JA-SS 山崎 SS (JAドリーム)</name>
        <description><![CDATA[説明: <br>住所: <br>確認状態: <br>﻿JA-SS名: ]]></description>
        <styleUrl>#icon-1581-0288D1</styleUrl>
        <ExtendedData>
          <Data name="説明">
            <value/>
          </Data>
          <Data name="住所">
            <value/>
          </Data>
          <Data name="確認状態">
            <value/>
          </Data>
          <Data name="﻿JA-SS名">
            <value/>
          </Data>
        </ExtendedData>
        <Point>
          <coordinates>
            134.5486758,35.0103927,0
          </coordinates>
        </Point>
      </Placemark>
      <Placemark>
        <name>JA-SS / (株)ジェイエイサービス柏崎 高柳SS</name>
        <description><![CDATA[説明: <br>住所: <br>確認状態: <br>﻿JA-SS名: ]]></description>
        <styleUrl>#icon-1581-0288D1</styleUrl>
        <ExtendedData>
          <Data name="説明">
            <value/>
          </Data>
          <Data name="住所">
            <value/>
          </Data>
          <Data name="確認状態">
            <value/>
          </Data>
          <Data name="﻿JA-SS名">
            <value/>
          </Data>
        </ExtendedData>
        <Point>
          <coordinates>
            138.6421381,37.2288815,0
          </coordinates>
        </Point>
      </Placemark>
      <Placemark>
        <name>JA-SS ジャスポート三崎 (JAエナジーこうち)</name>
        <description><![CDATA[説明: <br>住所: <br>確認状態: <br>﻿JA-SS名: ]]></description>
        <styleUrl>#icon-1581-0288D1</styleUrl>
        <ExtendedData>
          <Data name="説明">
            <value/>
          </Data>
          <Data name="住所">
            <value/>
          </Data>
          <Data name="確認状態">
            <value/>
          </Data>
          <Data name="﻿JA-SS名">
            <value/>
          </Data>
        </ExtendedData>
        <Point>
          <coordinates>
            132.8844167,32.7944175,0
          </coordinates>
        </Point>
      </Placemark>
      <Placemark>
        <name>ＪＡ高岡 戸出SS</name>
        <description><![CDATA[説明: <br>住所: <br>確認状態: <br>﻿JA-SS名: ]]></description>
        <styleUrl>#icon-1581-0288D1</styleUrl>
        <ExtendedData>
          <Data name="説明">
            <value/>
          </Data>
          <Data name="住所">
            <value/>
          </Data>
          <Data name="確認状態">
            <value/>
          </Data>
          <Data name="﻿JA-SS名">
            <value/>
          </Data>
        </ExtendedData>
        <Point>
          <coordinates>
            136.9772448,36.6896013,0
          </coordinates>
        </Point>
      </Placemark>
      <Placemark>
        <name>JA-SS 西伯給油所</name>
        <description><![CDATA[説明: <br>住所: <br>確認状態: <br>﻿JA-SS名: ]]></description>
        <styleUrl>#icon-1581-0288D1</styleUrl>
        <ExtendedData>
          <Data name="説明">
            <value/>
          </Data>
          <Data name="住所">
            <value/>
          </Data>
          <Data name="確認状態">
            <value/>
          </Data>
          <Data name="﻿JA-SS名">
            <value/>
          </Data>
        </ExtendedData>
        <Point>
          <coordinates>
            133.3311757,35.3602426,0
          </coordinates>
        </Point>
      </Placemark>
      <Placemark>
        <name>ジェイエイ北つくば燃料(株) JASS-PORTゆうき</name>
        <description><![CDATA[説明: <br>住所: <br>確認状態: <br>﻿JA-SS名: ]]></description>
        <styleUrl>#icon-1581-0288D1</styleUrl>
        <ExtendedData>
          <Data name="説明">
            <value/>
          </Data>
          <Data name="住所">
            <value/>
          </Data>
          <Data name="確認状態">
            <value/>
          </Data>
          <Data name="﻿JA-SS名">
            <value/>
          </Data>
        </ExtendedData>
        <Point>
          <coordinates>
            139.8707811,36.2918727,0
          </coordinates>
        </Point>
      </Placemark>
      <Placemark>
        <name>JA-SS / (株)JA会津よつば総合サービス 猪苗代SS</name>
        <description><![CDATA[説明: <br>住所: <br>確認状態: <br>﻿JA-SS名: ]]></description>
        <styleUrl>#icon-1581-0288D1</styleUrl>
        <ExtendedData>
          <Data name="説明">
            <value/>
          </Data>
          <Data name="住所">
            <value/>
          </Data>
          <Data name="確認状態">
            <value/>
          </Data>
          <Data name="﻿JA-SS名">
            <value/>
          </Data>
        </ExtendedData>
        <Point>
          <coordinates>
            140.1057839,37.551529,0
          </coordinates>
        </Point>
      </Placemark>
      <Placemark>
        <name>JA-SS 勝浦セルフ SS (JA東とくしまサービス)</name>
        <description><![CDATA[説明: <br>住所: <br>確認状態: <br>﻿JA-SS名: ]]></description>
        <styleUrl>#icon-1581-0288D1</styleUrl>
        <ExtendedData>
          <Data name="説明">
            <value/>
          </Data>
          <Data name="住所">
            <value/>
          </Data>
          <Data name="確認状態">
            <value/>
          </Data>
          <Data name="﻿JA-SS名">
            <value/>
          </Data>
        </ExtendedData>
        <Point>
          <coordinates>
            134.5222605,33.9326138,0
          </coordinates>
        </Point>
      </Placemark>
      <Placemark>
        <name>ＪＡ魚沼 セルフ魚沼SS</name>
        <description><![CDATA[説明: <br>住所: <br>確認状態: <br>﻿JA-SS名: ]]></description>
        <styleUrl>#icon-1581-0288D1</styleUrl>
        <ExtendedData>
          <Data name="説明">
            <value/>
          </Data>
          <Data name="住所">
            <value/>
          </Data>
          <Data name="確認状態">
            <value/>
          </Data>
          <Data name="﻿JA-SS名">
            <value/>
          </Data>
        </ExtendedData>
        <Point>
          <coordinates>
            138.9740849,37.2284122,0
          </coordinates>
        </Point>
      </Placemark>
      <Placemark>
        <name>JA-SS / (株)JA会津よつば総合サービス 只見セルフSS</name>
        <description><![CDATA[説明: <br>住所: <br>確認状態: <br>﻿JA-SS名: ]]></description>
        <styleUrl>#icon-1581-0288D1</styleUrl>
        <ExtendedData>
          <Data name="説明">
            <value/>
          </Data>
          <Data name="住所">
            <value/>
          </Data>
          <Data name="確認状態">
            <value/>
          </Data>
          <Data name="﻿JA-SS名">
            <value/>
          </Data>
        </ExtendedData>
        <Point>
          <coordinates>
            139.3569654,37.3081194,0
          </coordinates>
        </Point>
      </Placemark>
      <Placemark>
        <name>ＪＡ利根沼田 川場セルフSS</name>
        <description><![CDATA[説明: <br>住所: <br>確認状態: <br>﻿JA-SS名: ]]></description>
        <styleUrl>#icon-1581-0288D1</styleUrl>
        <ExtendedData>
          <Data name="説明">
            <value/>
          </Data>
          <Data name="住所">
            <value/>
          </Data>
          <Data name="確認状態">
            <value/>
          </Data>
          <Data name="﻿JA-SS名">
            <value/>
          </Data>
        </ExtendedData>
        <Point>
          <coordinates>
            139.1083216,36.6858315,0
          </coordinates>
        </Point>
      </Placemark>
      <Placemark>
        <name>JA-SS 倉吉 SS (JA中央サービス)</name>
        <description><![CDATA[説明: <br>住所: <br>確認状態: <br>﻿JA-SS名: ]]></description>
        <styleUrl>#icon-1581-0288D1</styleUrl>
        <ExtendedData>
          <Data name="説明">
            <value/>
          </Data>
          <Data name="住所">
            <value/>
          </Data>
          <Data name="確認状態">
            <value/>
          </Data>
          <Data name="﻿JA-SS名">
            <value/>
          </Data>
        </ExtendedData>
        <Point>
          <coordinates>
            133.8382556,35.4298881,0
          </coordinates>
        </Point>
      </Placemark>
      <Placemark>
        <name>JA佐渡 佐和田セルフSS</name>
        <description><![CDATA[説明: <br>住所: <br>確認状態: <br>﻿JA-SS名: ]]></description>
        <styleUrl>#icon-1581-0288D1</styleUrl>
        <ExtendedData>
          <Data name="説明">
            <value/>
          </Data>
          <Data name="住所">
            <value/>
          </Data>
          <Data name="確認状態">
            <value/>
          </Data>
          <Data name="﻿JA-SS名">
            <value/>
          </Data>
        </ExtendedData>
        <Point>
          <coordinates>
            138.330373,38.004388,0
          </coordinates>
        </Point>
      </Placemark>
      <Placemark>
        <name>JA-SS 高瀬 SS (JA香川県オートエナジー)</name>
        <description><![CDATA[説明: <br>住所: <br>確認状態: <br>﻿JA-SS名: ]]></description>
        <styleUrl>#icon-1581-0288D1</styleUrl>
        <ExtendedData>
          <Data name="説明">
            <value/>
          </Data>
          <Data name="住所">
            <value/>
          </Data>
          <Data name="確認状態">
            <value/>
          </Data>
          <Data name="﻿JA-SS名">
            <value/>
          </Data>
        </ExtendedData>
        <Point>
          <coordinates>
            133.7191702,34.1900102,0
          </coordinates>
        </Point>
      </Placemark>
      <Placemark>
        <name>JA-SS ほっとステーションあき (JAエナジーこうち)</name>
        <description><![CDATA[説明: <br>住所: <br>確認状態: <br>﻿JA-SS名: ]]></description>
        <styleUrl>#icon-1581-0288D1</styleUrl>
        <ExtendedData>
          <Data name="説明">
            <value/>
          </Data>
          <Data name="住所">
            <value/>
          </Data>
          <Data name="確認状態">
            <value/>
          </Data>
          <Data name="﻿JA-SS名">
            <value/>
          </Data>
        </ExtendedData>
        <Point>
          <coordinates>
            133.901704,33.5031712,0
          </coordinates>
        </Point>
      </Placemark>
      <Placemark>
        <name>JAえちご上越 三和SS</name>
        <description><![CDATA[説明: <br>住所: <br>確認状態: <br>﻿JA-SS名: ]]></description>
        <styleUrl>#icon-1581-0288D1</styleUrl>
        <ExtendedData>
          <Data name="説明">
            <value/>
          </Data>
          <Data name="住所">
            <value/>
          </Data>
          <Data name="確認状態">
            <value/>
          </Data>
          <Data name="﻿JA-SS名">
            <value/>
          </Data>
        </ExtendedData>
        <Point>
          <coordinates>
            138.3317409,37.1241683,0
          </coordinates>
        </Point>
      </Placemark>
      <Placemark>
        <name>JA-SS 栄 SS (JA中央サービス)</name>
        <description><![CDATA[説明: <br>住所: <br>確認状態: <br>﻿JA-SS名: ]]></description>
        <styleUrl>#icon-1581-0288D1</styleUrl>
        <ExtendedData>
          <Data name="説明">
            <value/>
          </Data>
          <Data name="住所">
            <value/>
          </Data>
          <Data name="確認状態">
            <value/>
          </Data>
          <Data name="﻿JA-SS名">
            <value/>
          </Data>
        </ExtendedData>
        <Point>
          <coordinates>
            133.750365,35.4658248,0
          </coordinates>
        </Point>
      </Placemark>
      <Placemark>
        <name>JA-SS 志度 SS (JA香川県オートエナジー)</name>
        <description><![CDATA[説明: <br>住所: <br>確認状態: <br>﻿JA-SS名: ]]></description>
        <styleUrl>#icon-1581-0288D1</styleUrl>
        <ExtendedData>
          <Data name="説明">
            <value/>
          </Data>
          <Data name="住所">
            <value/>
          </Data>
          <Data name="確認状態">
            <value/>
          </Data>
          <Data name="﻿JA-SS名">
            <value/>
          </Data>
        </ExtendedData>
        <Point>
          <coordinates>
            134.169989,34.316328,0
          </coordinates>
        </Point>
      </Placemark>
      <Placemark>
        <name>JA-SS 平野 SS (JAレーク滋賀)</name>
        <description><![CDATA[説明: <br>住所: <br>確認状態: <br>﻿JA-SS名: ]]></description>
        <styleUrl>#icon-1581-0288D1</styleUrl>
        <ExtendedData>
          <Data name="説明">
            <value/>
          </Data>
          <Data name="住所">
            <value/>
          </Data>
          <Data name="確認状態">
            <value/>
          </Data>
          <Data name="﻿JA-SS名">
            <value/>
          </Data>
        </ExtendedData>
        <Point>
          <coordinates>
            135.9588145,34.9606942,0
          </coordinates>
        </Point>
      </Placemark>
      <Placemark>
        <name>JA-SS さくら給油所 (JAエナジーこうち)</name>
        <description><![CDATA[説明: <br>住所: <br>確認状態: <br>﻿JA-SS名: ]]></description>
        <styleUrl>#icon-1581-0288D1</styleUrl>
        <ExtendedData>
          <Data name="説明">
            <value/>
          </Data>
          <Data name="住所">
            <value/>
          </Data>
          <Data name="確認状態">
            <value/>
          </Data>
          <Data name="﻿JA-SS名">
            <value/>
          </Data>
        </ExtendedData>
        <Point>
          <coordinates>
            133.5817175,33.7560101,0
          </coordinates>
        </Point>
      </Placemark>
      <Placemark>
        <name>JA-SS JASS-PORT上板 SS（ＪＡ徳島県）</name>
        <description><![CDATA[説明: <br>住所: <br>確認状態: <br>﻿JA-SS名: ]]></description>
        <styleUrl>#icon-1581-0288D1</styleUrl>
        <ExtendedData>
          <Data name="説明">
            <value/>
          </Data>
          <Data name="住所">
            <value/>
          </Data>
          <Data name="確認状態">
            <value/>
          </Data>
          <Data name="﻿JA-SS名">
            <value/>
          </Data>
        </ExtendedData>
        <Point>
          <coordinates>
            134.415739,34.131447,0
          </coordinates>
        </Point>
      </Placemark>
      <Placemark>
        <name>JA-SS 佐用 SS (JAドリーム)</name>
        <description><![CDATA[説明: <br>住所: <br>確認状態: <br>﻿JA-SS名: ]]></description>
        <styleUrl>#icon-1581-0288D1</styleUrl>
        <ExtendedData>
          <Data name="説明">
            <value/>
          </Data>
          <Data name="住所">
            <value/>
          </Data>
          <Data name="確認状態">
            <value/>
          </Data>
          <Data name="﻿JA-SS名">
            <value/>
          </Data>
        </ExtendedData>
        <Point>
          <coordinates>
            134.364478,35.007334,0
          </coordinates>
        </Point>
      </Placemark>
      <Placemark>
        <name>JA-SS ㈱おばこライフサービス 大曲SS</name>
        <description><![CDATA[説明: <br>住所: <br>確認状態: <br>﻿JA-SS名: ]]></description>
        <styleUrl>#icon-1581-0288D1</styleUrl>
        <ExtendedData>
          <Data name="説明">
            <value/>
          </Data>
          <Data name="住所">
            <value/>
          </Data>
          <Data name="確認状態">
            <value/>
          </Data>
          <Data name="﻿JA-SS名">
            <value/>
          </Data>
        </ExtendedData>
        <Point>
          <coordinates>
            140.4463717,39.4342282,0
          </coordinates>
        </Point>
      </Placemark>
      <Placemark>
        <name>(株)JA会津よつば総合サービス 日橋SS</name>
        <description><![CDATA[説明: <br>住所: <br>確認状態: <br>﻿JA-SS名: ]]></description>
        <styleUrl>#icon-1581-0288D1</styleUrl>
        <ExtendedData>
          <Data name="説明">
            <value/>
          </Data>
          <Data name="住所">
            <value/>
          </Data>
          <Data name="確認状態">
            <value/>
          </Data>
          <Data name="﻿JA-SS名">
            <value/>
          </Data>
        </ExtendedData>
        <Point>
          <coordinates>
            139.9532598,37.5549725,0
          </coordinates>
        </Point>
      </Placemark>
      <Placemark>
        <name>JA-SS 鴨部 SS (JA香川県オートエナジー)</name>
        <description><![CDATA[説明: <br>住所: <br>確認状態: <br>﻿JA-SS名: ]]></description>
        <styleUrl>#icon-1581-0288D1</styleUrl>
        <ExtendedData>
          <Data name="説明">
            <value/>
          </Data>
          <Data name="住所">
            <value/>
          </Data>
          <Data name="確認状態">
            <value/>
          </Data>
          <Data name="﻿JA-SS名">
            <value/>
          </Data>
        </ExtendedData>
        <Point>
          <coordinates>
            134.222795,34.312595,0
          </coordinates>
        </Point>
      </Placemark>
      <Placemark>
        <name>ＪＡ佐渡 金井セルフSS</name>
        <description><![CDATA[説明: <br>住所: <br>確認状態: <br>﻿JA-SS名: ]]></description>
        <styleUrl>#icon-1581-0288D1</styleUrl>
        <ExtendedData>
          <Data name="説明">
            <value/>
          </Data>
          <Data name="住所">
            <value/>
          </Data>
          <Data name="確認状態">
            <value/>
          </Data>
          <Data name="﻿JA-SS名">
            <value/>
          </Data>
        </ExtendedData>
        <Point>
          <coordinates>
            138.3640415,38.0204775,0
          </coordinates>
        </Point>
      </Placemark>
      <Placemark>
        <name>JA-SS / (株)ライフサポート北新潟 ＪＡセルフ聖籠</name>
        <description><![CDATA[説明: <br>住所: <br>確認状態: <br>﻿JA-SS名: ]]></description>
        <styleUrl>#icon-1581-0288D1</styleUrl>
        <ExtendedData>
          <Data name="説明">
            <value/>
          </Data>
          <Data name="住所">
            <value/>
          </Data>
          <Data name="確認状態">
            <value/>
          </Data>
          <Data name="﻿JA-SS名">
            <value/>
          </Data>
        </ExtendedData>
        <Point>
          <coordinates>
            139.2767417,37.967845,0
          </coordinates>
        </Point>
      </Placemark>
      <Placemark>
        <name>JA-SS 蟹田 SS (JA青森)</name>
        <description><![CDATA[説明: <br>住所: <br>確認状態: <br>﻿JA-SS名: ]]></description>
        <styleUrl>#icon-1581-0288D1</styleUrl>
        <ExtendedData>
          <Data name="説明">
            <value/>
          </Data>
          <Data name="住所">
            <value/>
          </Data>
          <Data name="確認状態">
            <value/>
          </Data>
          <Data name="﻿JA-SS名">
            <value/>
          </Data>
        </ExtendedData>
        <Point>
          <coordinates>
            140.6353531,41.0413838,0
          </coordinates>
        </Point>
      </Placemark>
      <Placemark>
        <name>JA-SS JASS-PORT宇和</name>
        <description><![CDATA[説明: <br>住所: <br>確認状態: <br>﻿JA-SS名: ]]></description>
        <styleUrl>#icon-1581-0288D1</styleUrl>
        <ExtendedData>
          <Data name="説明">
            <value/>
          </Data>
          <Data name="住所">
            <value/>
          </Data>
          <Data name="確認状態">
            <value/>
          </Data>
          <Data name="﻿JA-SS名">
            <value/>
          </Data>
        </ExtendedData>
        <Point>
          <coordinates>
            132.5061585,33.3721091,0
          </coordinates>
        </Point>
      </Placemark>
      <Placemark>
        <name>ジェイエイ北つくば燃料(株) JASS−PORTせきじょう</name>
        <description><![CDATA[説明: <br>住所: <br>確認状態: <br>﻿JA-SS名: ]]></description>
        <styleUrl>#icon-1581-0288D1</styleUrl>
        <ExtendedData>
          <Data name="説明">
            <value/>
          </Data>
          <Data name="住所">
            <value/>
          </Data>
          <Data name="確認状態">
            <value/>
          </Data>
          <Data name="﻿JA-SS名">
            <value/>
          </Data>
        </ExtendedData>
        <Point>
          <coordinates>
            139.9197428,36.2467527,0
          </coordinates>
        </Point>
      </Placemark>
      <Placemark>
        <name>JA-SS 高梁川上セルフSS (JA晴れの国岡山)</name>
        <description><![CDATA[説明: <br>住所: <br>確認状態: <br>﻿JA-SS名: ]]></description>
        <styleUrl>#icon-1581-0288D1</styleUrl>
        <ExtendedData>
          <Data name="説明">
            <value/>
          </Data>
          <Data name="住所">
            <value/>
          </Data>
          <Data name="確認状態">
            <value/>
          </Data>
          <Data name="﻿JA-SS名">
            <value/>
          </Data>
        </ExtendedData>
        <Point>
          <coordinates>
            133.4957577,34.756282,0
          </coordinates>
        </Point>
      </Placemark>
      <Placemark>
        <name>(株)JA会津よつば総合サービス みどりセルフ２５２SS</name>
        <description><![CDATA[説明: <br>住所: <br>確認状態: <br>﻿JA-SS名: ]]></description>
        <styleUrl>#icon-1581-0288D1</styleUrl>
        <ExtendedData>
          <Data name="説明">
            <value/>
          </Data>
          <Data name="住所">
            <value/>
          </Data>
          <Data name="確認状態">
            <value/>
          </Data>
          <Data name="﻿JA-SS名">
            <value/>
          </Data>
        </ExtendedData>
        <Point>
          <coordinates>
            139.7315976,37.5470695,0
          </coordinates>
        </Point>
      </Placemark>
      <Placemark>
        <name>JA-SS JASS-PORTいび川 SS (JAサポート岐阜)</name>
        <description><![CDATA[説明: <br>住所: <br>確認状態: <br>﻿JA-SS名: ]]></description>
        <styleUrl>#icon-1581-0288D1</styleUrl>
        <ExtendedData>
          <Data name="説明">
            <value/>
          </Data>
          <Data name="住所">
            <value/>
          </Data>
          <Data name="確認状態">
            <value/>
          </Data>
          <Data name="﻿JA-SS名">
            <value/>
          </Data>
        </ExtendedData>
        <Point>
          <coordinates>
            136.5699062,35.4861862,0
          </coordinates>
        </Point>
      </Placemark>
      <Placemark>
        <name>JA-SS / (株)JA建設エナジー パシュート金沢西部SS</name>
        <description><![CDATA[説明: <br>住所: <br>確認状態: <br>﻿JA-SS名: ]]></description>
        <styleUrl>#icon-1581-0288D1</styleUrl>
        <ExtendedData>
          <Data name="説明">
            <value/>
          </Data>
          <Data name="住所">
            <value/>
          </Data>
          <Data name="確認状態">
            <value/>
          </Data>
          <Data name="﻿JA-SS名">
            <value/>
          </Data>
        </ExtendedData>
        <Point>
          <coordinates>
            136.6186943,36.6041708,0
          </coordinates>
        </Point>
      </Placemark>
      <Placemark>
        <name>ＪＡ佐渡 小木SS</name>
        <description><![CDATA[説明: <br>住所: <br>確認状態: <br>﻿JA-SS名: ]]></description>
        <styleUrl>#icon-1581-0288D1</styleUrl>
        <ExtendedData>
          <Data name="説明">
            <value/>
          </Data>
          <Data name="住所">
            <value/>
          </Data>
          <Data name="確認状態">
            <value/>
          </Data>
          <Data name="﻿JA-SS名">
            <value/>
          </Data>
        </ExtendedData>
        <Point>
          <coordinates>
            138.2709101,37.817165,0
          </coordinates>
        </Point>
      </Placemark>
      <Placemark>
        <name>JA-SS 岩木SS</name>
        <description><![CDATA[説明: <br>住所: <br>確認状態: <br>﻿JA-SS名: ]]></description>
        <styleUrl>#icon-1581-0288D1</styleUrl>
        <ExtendedData>
          <Data name="説明">
            <value/>
          </Data>
          <Data name="住所">
            <value/>
          </Data>
          <Data name="確認状態">
            <value/>
          </Data>
          <Data name="﻿JA-SS名">
            <value/>
          </Data>
        </ExtendedData>
        <Point>
          <coordinates>
            140.4145399,40.6159364,0
          </coordinates>
        </Point>
      </Placemark>
      <Placemark>
        <name>JA-SS 龍川 SS (JA香川県オートエナジー)</name>
        <description><![CDATA[説明: <br>住所: <br>確認状態: <br>﻿JA-SS名: ]]></description>
        <styleUrl>#icon-1581-0288D1</styleUrl>
        <ExtendedData>
          <Data name="説明">
            <value/>
          </Data>
          <Data name="住所">
            <value/>
          </Data>
          <Data name="確認状態">
            <value/>
          </Data>
          <Data name="﻿JA-SS名">
            <value/>
          </Data>
        </ExtendedData>
        <Point>
          <coordinates>
            133.7920786,34.2490436,0
          </coordinates>
        </Point>
      </Placemark>
      <Placemark>
        <name>JA-SS 千代SS</name>
        <description><![CDATA[説明: <br>住所: <br>確認状態: <br>﻿JA-SS名: ]]></description>
        <styleUrl>#icon-1581-0288D1</styleUrl>
        <ExtendedData>
          <Data name="説明">
            <value/>
          </Data>
          <Data name="住所">
            <value/>
          </Data>
          <Data name="確認状態">
            <value/>
          </Data>
          <Data name="﻿JA-SS名">
            <value/>
          </Data>
        </ExtendedData>
        <Point>
          <coordinates>
            134.2046766,35.5129761,0
          </coordinates>
        </Point>
      </Placemark>
      <Placemark>
        <name>JA新潟かがやき 五泉東部セルフSS</name>
        <description><![CDATA[説明: <br>住所: <br>確認状態: <br>﻿JA-SS名: ]]></description>
        <styleUrl>#icon-1581-0288D1</styleUrl>
        <ExtendedData>
          <Data name="説明">
            <value/>
          </Data>
          <Data name="住所">
            <value/>
          </Data>
          <Data name="確認状態">
            <value/>
          </Data>
          <Data name="﻿JA-SS名">
            <value/>
          </Data>
        </ExtendedData>
        <Point>
          <coordinates>
            139.2037019,37.7481514,0
          </coordinates>
        </Point>
      </Placemark>
      <Placemark>
        <name>JA-SS / ＪＡ魚沼 なかさとSS</name>
        <description><![CDATA[説明: <br>住所: <br>確認状態: <br>﻿JA-SS名: ]]></description>
        <styleUrl>#icon-1581-0288D1</styleUrl>
        <ExtendedData>
          <Data name="説明">
            <value/>
          </Data>
          <Data name="住所">
            <value/>
          </Data>
          <Data name="確認状態">
            <value/>
          </Data>
          <Data name="﻿JA-SS名">
            <value/>
          </Data>
        </ExtendedData>
        <Point>
          <coordinates>
            138.7066518,37.060479,0
          </coordinates>
        </Point>
      </Placemark>
      <Placemark>
        <name>岐阜県JAビジネスサポート(株) JASS-PORT大野</name>
        <description><![CDATA[説明: <br>住所: <br>確認状態: <br>﻿JA-SS名: ]]></description>
        <styleUrl>#icon-1581-0288D1</styleUrl>
        <ExtendedData>
          <Data name="説明">
            <value/>
          </Data>
          <Data name="住所">
            <value/>
          </Data>
          <Data name="確認状態">
            <value/>
          </Data>
          <Data name="﻿JA-SS名">
            <value/>
          </Data>
        </ExtendedData>
        <Point>
          <coordinates>
            136.6197651,35.4677079,0
          </coordinates>
        </Point>
      </Placemark>
      <Placemark>
        <name>JA-SS ユー・スポット滑川</name>
        <description><![CDATA[説明: <br>住所: <br>確認状態: <br>﻿JA-SS名: ]]></description>
        <styleUrl>#icon-1581-0288D1</styleUrl>
        <ExtendedData>
          <Data name="説明">
            <value/>
          </Data>
          <Data name="住所">
            <value/>
          </Data>
          <Data name="確認状態">
            <value/>
          </Data>
          <Data name="﻿JA-SS名">
            <value/>
          </Data>
        </ExtendedData>
        <Point>
          <coordinates>
            137.3599198,36.7643108,0
          </coordinates>
        </Point>
      </Placemark>
      <Placemark>
        <name>JA-SS 白鳥 SS (JA香川県オートエナジー)</name>
        <description><![CDATA[説明: <br>住所: <br>確認状態: <br>﻿JA-SS名: ]]></description>
        <styleUrl>#icon-1581-0288D1</styleUrl>
        <ExtendedData>
          <Data name="説明">
            <value/>
          </Data>
          <Data name="住所">
            <value/>
          </Data>
          <Data name="確認状態">
            <value/>
          </Data>
          <Data name="﻿JA-SS名">
            <value/>
          </Data>
        </ExtendedData>
        <Point>
          <coordinates>
            134.3538474,34.2436357,0
          </coordinates>
        </Point>
      </Placemark>
      <Placemark>
        <name>JAえちご中越 サンセットわしまSS</name>
        <description><![CDATA[説明: <br>住所: <br>確認状態: <br>﻿JA-SS名: ]]></description>
        <styleUrl>#icon-1581-0288D1</styleUrl>
        <ExtendedData>
          <Data name="説明">
            <value/>
          </Data>
          <Data name="住所">
            <value/>
          </Data>
          <Data name="確認状態">
            <value/>
          </Data>
          <Data name="﻿JA-SS名">
            <value/>
          </Data>
        </ExtendedData>
        <Point>
          <coordinates>
            138.7480388,37.5753284,0
          </coordinates>
        </Point>
      </Placemark>
      <Placemark>
        <name>JA-SS 千畑給油所</name>
        <description><![CDATA[説明: <br>住所: <br>確認状態: <br>﻿JA-SS名: ]]></description>
        <styleUrl>#icon-1581-0288D1</styleUrl>
        <ExtendedData>
          <Data name="説明">
            <value/>
          </Data>
          <Data name="住所">
            <value/>
          </Data>
          <Data name="確認状態">
            <value/>
          </Data>
          <Data name="﻿JA-SS名">
            <value/>
          </Data>
        </ExtendedData>
        <Point>
          <coordinates>
            140.5799888,39.4594643,0
          </coordinates>
        </Point>
      </Placemark>
      <Placemark>
        <name>(株)ＪＡ福島さくら燃料サービス 船引ＳＳ</name>
        <description><![CDATA[説明: <br>住所: <br>確認状態: <br>﻿JA-SS名: ]]></description>
        <styleUrl>#icon-1581-0288D1</styleUrl>
        <ExtendedData>
          <Data name="説明">
            <value/>
          </Data>
          <Data name="住所">
            <value/>
          </Data>
          <Data name="確認状態">
            <value/>
          </Data>
          <Data name="﻿JA-SS名">
            <value/>
          </Data>
        </ExtendedData>
        <Point>
          <coordinates>
            140.5560187,37.4402733,0
          </coordinates>
        </Point>
      </Placemark>
      <Placemark>
        <name>JA-SS 観音寺 SS (JA香川県オートエナジー)</name>
        <description><![CDATA[説明: <br>住所: <br>確認状態: <br>﻿JA-SS名: ]]></description>
        <styleUrl>#icon-1581-0288D1</styleUrl>
        <ExtendedData>
          <Data name="説明">
            <value/>
          </Data>
          <Data name="住所">
            <value/>
          </Data>
          <Data name="確認状態">
            <value/>
          </Data>
          <Data name="﻿JA-SS名">
            <value/>
          </Data>
        </ExtendedData>
        <Point>
          <coordinates>
            133.6718969,34.1276857,0
          </coordinates>
        </Point>
      </Placemark>
      <Placemark>
        <name>ＪＡ新潟かがやき 小合SS</name>
        <description><![CDATA[説明: <br>住所: <br>確認状態: <br>﻿JA-SS名: ]]></description>
        <styleUrl>#icon-1581-0288D1</styleUrl>
        <ExtendedData>
          <Data name="説明">
            <value/>
          </Data>
          <Data name="住所">
            <value/>
          </Data>
          <Data name="確認状態">
            <value/>
          </Data>
          <Data name="﻿JA-SS名">
            <value/>
          </Data>
        </ExtendedData>
        <Point>
          <coordinates>
            139.0859818,37.7940304,0
          </coordinates>
        </Point>
      </Placemark>
      <Placemark>
        <name>JA-SS / (株)JA会津よつば総合サービス 西会津インターSS</name>
        <description><![CDATA[説明: <br>住所: <br>確認状態: <br>﻿JA-SS名: ]]></description>
        <styleUrl>#icon-1581-0288D1</styleUrl>
        <ExtendedData>
          <Data name="説明">
            <value/>
          </Data>
          <Data name="住所">
            <value/>
          </Data>
          <Data name="確認状態">
            <value/>
          </Data>
          <Data name="﻿JA-SS名">
            <value/>
          </Data>
        </ExtendedData>
        <Point>
          <coordinates>
            139.6440051,37.5840357,0
          </coordinates>
        </Point>
      </Placemark>
      <Placemark>
        <name>(株)JA会津よつば総合サービス ほっとタイム121セルフSS</name>
        <description><![CDATA[説明: <br>住所: <br>確認状態: <br>﻿JA-SS名: ]]></description>
        <styleUrl>#icon-1581-0288D1</styleUrl>
        <ExtendedData>
          <Data name="説明">
            <value/>
          </Data>
          <Data name="住所">
            <value/>
          </Data>
          <Data name="確認状態">
            <value/>
          </Data>
          <Data name="﻿JA-SS名">
            <value/>
          </Data>
        </ExtendedData>
        <Point>
          <coordinates>
            139.8926861,37.5865897,0
          </coordinates>
        </Point>
      </Placemark>
      <Placemark>
        <name>㈱JAいなば燃料センター 郡家SS</name>
        <description><![CDATA[説明: <br>住所: <br>確認状態: <br>﻿JA-SS名: ]]></description>
        <styleUrl>#icon-1581-0288D1</styleUrl>
        <ExtendedData>
          <Data name="説明">
            <value/>
          </Data>
          <Data name="住所">
            <value/>
          </Data>
          <Data name="確認状態">
            <value/>
          </Data>
          <Data name="﻿JA-SS名">
            <value/>
          </Data>
        </ExtendedData>
        <Point>
          <coordinates>
            134.2597275,35.4197442,0
          </coordinates>
        </Point>
      </Placemark>
      <Placemark>
        <name>ＪＡ全農ぐんま 沼田セルフSS</name>
        <description><![CDATA[説明: <br>住所: <br>確認状態: <br>﻿JA-SS名: ]]></description>
        <styleUrl>#icon-1581-0288D1</styleUrl>
        <ExtendedData>
          <Data name="説明">
            <value/>
          </Data>
          <Data name="住所">
            <value/>
          </Data>
          <Data name="確認状態">
            <value/>
          </Data>
          <Data name="﻿JA-SS名">
            <value/>
          </Data>
        </ExtendedData>
        <Point>
          <coordinates>
            139.0538453,36.6535379,0
          </coordinates>
        </Point>
      </Placemark>
      <Placemark>
        <name>JA-SS 川島SS</name>
        <description><![CDATA[説明: <br>住所: <br>確認状態: <br>﻿JA-SS名: ]]></description>
        <styleUrl>#icon-1581-0288D1</styleUrl>
        <ExtendedData>
          <Data name="説明">
            <value/>
          </Data>
          <Data name="住所">
            <value/>
          </Data>
          <Data name="確認状態">
            <value/>
          </Data>
          <Data name="﻿JA-SS名">
            <value/>
          </Data>
        </ExtendedData>
        <Point>
          <coordinates>
            139.4687023,35.9882445,0
          </coordinates>
        </Point>
      </Placemark>
      <Placemark>
        <name>ＪＡはくい JAルート１５９SS</name>
        <description><![CDATA[説明: <br>住所: <br>確認状態: <br>﻿JA-SS名: ]]></description>
        <styleUrl>#icon-1581-0288D1</styleUrl>
        <ExtendedData>
          <Data name="説明">
            <value/>
          </Data>
          <Data name="住所">
            <value/>
          </Data>
          <Data name="確認状態">
            <value/>
          </Data>
          <Data name="﻿JA-SS名">
            <value/>
          </Data>
        </ExtendedData>
        <Point>
          <coordinates>
            136.7733066,36.8445741,0
          </coordinates>
        </Point>
      </Placemark>
      <Placemark>
        <name>ＪＡ新潟かがやき 新津SS</name>
        <description><![CDATA[説明: <br>住所: <br>確認状態: <br>﻿JA-SS名: ]]></description>
        <styleUrl>#icon-1581-0288D1</styleUrl>
        <ExtendedData>
          <Data name="説明">
            <value/>
          </Data>
          <Data name="住所">
            <value/>
          </Data>
          <Data name="確認状態">
            <value/>
          </Data>
          <Data name="﻿JA-SS名">
            <value/>
          </Data>
        </ExtendedData>
        <Point>
          <coordinates>
            139.1380608,37.8041519,0
          </coordinates>
        </Point>
      </Placemark>
      <Placemark>
        <name>JA魚沼 セルフ下船渡SS</name>
        <description><![CDATA[説明: <br>住所: <br>確認状態: <br>﻿JA-SS名: ]]></description>
        <styleUrl>#icon-1581-0288D1</styleUrl>
        <ExtendedData>
          <Data name="説明">
            <value/>
          </Data>
          <Data name="住所">
            <value/>
          </Data>
          <Data name="確認状態">
            <value/>
          </Data>
          <Data name="﻿JA-SS名">
            <value/>
          </Data>
        </ExtendedData>
        <Point>
          <coordinates>
            138.6669941,37.0300155,0
          </coordinates>
        </Point>
      </Placemark>
      <Placemark>
        <name>JA-SS 玉川セルフSS／㈱JAｻｰﾋﾞｽ夢みなみ</name>
        <description><![CDATA[説明: <br>住所: <br>確認状態: <br>﻿JA-SS名: ]]></description>
        <styleUrl>#icon-1581-0288D1</styleUrl>
        <ExtendedData>
          <Data name="説明">
            <value/>
          </Data>
          <Data name="住所">
            <value/>
          </Data>
          <Data name="確認状態">
            <value/>
          </Data>
          <Data name="﻿JA-SS名">
            <value/>
          </Data>
        </ExtendedData>
        <Point>
          <coordinates>
            140.4071627,37.2098962,0
          </coordinates>
        </Point>
      </Placemark>
      <Placemark>
        <name>JA-SS / ＪＡ高岡 四屋SS</name>
        <description><![CDATA[説明: <br>住所: <br>確認状態: <br>﻿JA-SS名: ]]></description>
        <styleUrl>#icon-1581-0288D1</styleUrl>
        <ExtendedData>
          <Data name="説明">
            <value/>
          </Data>
          <Data name="住所">
            <value/>
          </Data>
          <Data name="確認状態">
            <value/>
          </Data>
          <Data name="﻿JA-SS名">
            <value/>
          </Data>
        </ExtendedData>
        <Point>
          <coordinates>
            137.0039836,36.760057,0
          </coordinates>
        </Point>
      </Placemark>
      <Placemark>
        <name>JA-SS はるえSS</name>
        <description><![CDATA[説明: <br>住所: <br>確認状態: <br>﻿JA-SS名: ]]></description>
        <styleUrl>#icon-1581-0288D1</styleUrl>
        <ExtendedData>
          <Data name="説明">
            <value/>
          </Data>
          <Data name="住所">
            <value/>
          </Data>
          <Data name="確認状態">
            <value/>
          </Data>
          <Data name="﻿JA-SS名">
            <value/>
          </Data>
        </ExtendedData>
        <Point>
          <coordinates>
            136.2001738,36.1382802,0
          </coordinates>
        </Point>
      </Placemark>
      <Placemark>
        <name>JA-SS 下北条 SS (JA中央サービス)</name>
        <description><![CDATA[説明: <br>住所: <br>確認状態: <br>﻿JA-SS名: ]]></description>
        <styleUrl>#icon-1581-0288D1</styleUrl>
        <ExtendedData>
          <Data name="説明">
            <value/>
          </Data>
          <Data name="住所">
            <value/>
          </Data>
          <Data name="確認状態">
            <value/>
          </Data>
          <Data name="﻿JA-SS名">
            <value/>
          </Data>
        </ExtendedData>
        <Point>
          <coordinates>
            133.8104576,35.4824278,0
          </coordinates>
        </Point>
      </Placemark>
      <Placemark>
        <name>JA-SS 国分寺 SS (JA香川県オートエナジー)</name>
        <description><![CDATA[説明: <br>住所: <br>確認状態: <br>﻿JA-SS名: ]]></description>
        <styleUrl>#icon-1581-0288D1</styleUrl>
        <ExtendedData>
          <Data name="説明">
            <value/>
          </Data>
          <Data name="住所">
            <value/>
          </Data>
          <Data name="確認状態">
            <value/>
          </Data>
          <Data name="﻿JA-SS名">
            <value/>
          </Data>
        </ExtendedData>
        <Point>
          <coordinates>
            133.961271,34.298077,0
          </coordinates>
        </Point>
      </Placemark>
      <Placemark>
        <name>JA-SS 常磐 / (株)JA福島さくら燃料サービス</name>
        <description><![CDATA[説明: <br>住所: <br>確認状態: <br>﻿JA-SS名: ]]></description>
        <styleUrl>#icon-1581-0288D1</styleUrl>
        <ExtendedData>
          <Data name="説明">
            <value/>
          </Data>
          <Data name="住所">
            <value/>
          </Data>
          <Data name="確認状態">
            <value/>
          </Data>
          <Data name="﻿JA-SS名">
            <value/>
          </Data>
        </ExtendedData>
        <Point>
          <coordinates>
            140.856485,36.9861865,0
          </coordinates>
        </Point>
      </Placemark>
      <Placemark>
        <name>ＪＡ魚沼 セルフ堀之内SS</name>
        <description><![CDATA[説明: <br>住所: <br>確認状態: <br>﻿JA-SS名: ]]></description>
        <styleUrl>#icon-1581-0288D1</styleUrl>
        <ExtendedData>
          <Data name="説明">
            <value/>
          </Data>
          <Data name="住所">
            <value/>
          </Data>
          <Data name="確認状態">
            <value/>
          </Data>
          <Data name="﻿JA-SS名">
            <value/>
          </Data>
        </ExtendedData>
        <Point>
          <coordinates>
            138.9220581,37.2436981,0
          </coordinates>
        </Point>
      </Placemark>
      <Placemark>
        <name>ＪＡえちご中越 メイプルこしじＳＳ</name>
        <description><![CDATA[説明: <br>住所: <br>確認状態: <br>﻿JA-SS名: ]]></description>
        <styleUrl>#icon-1581-0288D1</styleUrl>
        <ExtendedData>
          <Data name="説明">
            <value/>
          </Data>
          <Data name="住所">
            <value/>
          </Data>
          <Data name="確認状態">
            <value/>
          </Data>
          <Data name="﻿JA-SS名">
            <value/>
          </Data>
        </ExtendedData>
        <Point>
          <coordinates>
            138.8017077,37.3931962,0
          </coordinates>
        </Point>
      </Placemark>
      <Placemark>
        <name>JA-SS 大瀬 SS (JA愛媛たいき)</name>
        <description><![CDATA[説明: <br>住所: <br>確認状態: <br>﻿JA-SS名: ]]></description>
        <styleUrl>#icon-1581-0288D1</styleUrl>
        <ExtendedData>
          <Data name="説明">
            <value/>
          </Data>
          <Data name="住所">
            <value/>
          </Data>
          <Data name="確認状態">
            <value/>
          </Data>
          <Data name="﻿JA-SS名">
            <value/>
          </Data>
        </ExtendedData>
        <Point>
          <coordinates>
            132.7123468,33.5744673,0
          </coordinates>
        </Point>
      </Placemark>
      <Placemark>
        <name>JA-SS 谷川瀬</name>
        <address>福島県いわき市平谷川瀬３丁目19-13</address>
        <description><![CDATA[説明: (株)JA福島さくら燃料サービス<br>住所: 福島県いわき市平谷川瀬３丁目19-13<br>確認状態: <br>﻿JA-SS名: JA-SS 谷川瀬]]></description>
        <styleUrl>#icon-1581-0288D1</styleUrl>
        <ExtendedData>
          <Data name="説明">
            <value>(株)JA福島さくら燃料サービス</value>
          </Data>
          <Data name="住所">
            <value>福島県いわき市平谷川瀬３丁目19-13</value>
          </Data>
          <Data name="確認状態">
            <value/>
          </Data>
          <Data name="﻿JA-SS名">
            <value>JA-SS 谷川瀬</value>
          </Data>
        </ExtendedData>
      </Placemark>
      <Placemark>
        <name>ＪＡえちご上越 柿崎SS</name>
        <description><![CDATA[説明: <br>住所: <br>確認状態: <br>﻿JA-SS名: ]]></description>
        <styleUrl>#icon-1581-0288D1</styleUrl>
        <ExtendedData>
          <Data name="説明">
            <value/>
          </Data>
          <Data name="住所">
            <value/>
          </Data>
          <Data name="確認状態">
            <value/>
          </Data>
          <Data name="﻿JA-SS名">
            <value/>
          </Data>
        </ExtendedData>
        <Point>
          <coordinates>
            138.3974857,37.2688551,0
          </coordinates>
        </Point>
      </Placemark>
      <Placemark>
        <name>JA-SS 高梁セルフ SS (JA晴れの国岡山)</name>
        <description><![CDATA[説明: <br>住所: <br>確認状態: <br>﻿JA-SS名: ]]></description>
        <styleUrl>#icon-1581-0288D1</styleUrl>
        <ExtendedData>
          <Data name="説明">
            <value/>
          </Data>
          <Data name="住所">
            <value/>
          </Data>
          <Data name="確認状態">
            <value/>
          </Data>
          <Data name="﻿JA-SS名">
            <value/>
          </Data>
        </ExtendedData>
        <Point>
          <coordinates>
            133.6137511,34.8163545,0
          </coordinates>
        </Point>
      </Placemark>
      <Placemark>
        <name>JA-SS やしろSS</name>
        <description><![CDATA[説明: <br>住所: <br>確認状態: <br>﻿JA-SS名: ]]></description>
        <styleUrl>#icon-1581-0288D1</styleUrl>
        <ExtendedData>
          <Data name="説明">
            <value/>
          </Data>
          <Data name="住所">
            <value/>
          </Data>
          <Data name="確認状態">
            <value/>
          </Data>
          <Data name="﻿JA-SS名">
            <value/>
          </Data>
        </ExtendedData>
        <Point>
          <coordinates>
            136.1868359,36.0465825,0
          </coordinates>
        </Point>
      </Placemark>
      <Placemark>
        <name>ＪＡ高岡市 カーポート中田</name>
        <description><![CDATA[説明: <br>住所: <br>確認状態: <br>﻿JA-SS名: ]]></description>
        <styleUrl>#icon-1581-0288D1</styleUrl>
        <ExtendedData>
          <Data name="説明">
            <value/>
          </Data>
          <Data name="住所">
            <value/>
          </Data>
          <Data name="確認状態">
            <value/>
          </Data>
          <Data name="﻿JA-SS名">
            <value/>
          </Data>
        </ExtendedData>
        <Point>
          <coordinates>
            137.0214484,36.6863984,0
          </coordinates>
        </Point>
      </Placemark>
      <Placemark>
        <name>JA-SS / (株) ライフサポート北新潟 紫雲寺給油所</name>
        <description><![CDATA[説明: <br>住所: <br>確認状態: <br>﻿JA-SS名: ]]></description>
        <styleUrl>#icon-1581-0288D1</styleUrl>
        <ExtendedData>
          <Data name="説明">
            <value/>
          </Data>
          <Data name="住所">
            <value/>
          </Data>
          <Data name="確認状態">
            <value/>
          </Data>
          <Data name="﻿JA-SS名">
            <value/>
          </Data>
        </ExtendedData>
        <Point>
          <coordinates>
            139.3193426,38.0215956,0
          </coordinates>
        </Point>
      </Placemark>
      <Placemark>
        <name>JA-SS 小鹿野ＳＳ</name>
        <description><![CDATA[説明: <br>住所: <br>確認状態: <br>﻿JA-SS名: ]]></description>
        <styleUrl>#icon-1581-0288D1</styleUrl>
        <ExtendedData>
          <Data name="説明">
            <value/>
          </Data>
          <Data name="住所">
            <value/>
          </Data>
          <Data name="確認状態">
            <value/>
          </Data>
          <Data name="﻿JA-SS名">
            <value/>
          </Data>
        </ExtendedData>
        <Point>
          <coordinates>
            139.0090005,36.0175855,0
          </coordinates>
        </Point>
      </Placemark>
      <Placemark>
        <name>JA-SS / (株)ジェイエイサービス柏崎 シーロードかしわざきSS</name>
        <description><![CDATA[説明: <br>住所: <br>確認状態: <br>﻿JA-SS名: ]]></description>
        <styleUrl>#icon-1581-0288D1</styleUrl>
        <ExtendedData>
          <Data name="説明">
            <value/>
          </Data>
          <Data name="住所">
            <value/>
          </Data>
          <Data name="確認状態">
            <value/>
          </Data>
          <Data name="﻿JA-SS名">
            <value/>
          </Data>
        </ExtendedData>
        <Point>
          <coordinates>
            138.6035407,37.3508507,0
          </coordinates>
        </Point>
      </Placemark>
      <Placemark>
        <name>ジェイエイ北つくば燃料(株) JASS-PORTやまと</name>
        <description><![CDATA[説明: <br>住所: <br>確認状態: <br>﻿JA-SS名: ]]></description>
        <styleUrl>#icon-1581-0288D1</styleUrl>
        <ExtendedData>
          <Data name="説明">
            <value/>
          </Data>
          <Data name="住所">
            <value/>
          </Data>
          <Data name="確認状態">
            <value/>
          </Data>
          <Data name="﻿JA-SS名">
            <value/>
          </Data>
        </ExtendedData>
        <Point>
          <coordinates>
            140.0879269,36.3260414,0
          </coordinates>
        </Point>
      </Placemark>
      <Placemark>
        <name>JA-SS / ＪＡ魚沼 セルフ川口SS</name>
        <description><![CDATA[説明: <br>住所: <br>確認状態: <br>﻿JA-SS名: ]]></description>
        <styleUrl>#icon-1581-0288D1</styleUrl>
        <ExtendedData>
          <Data name="説明">
            <value/>
          </Data>
          <Data name="住所">
            <value/>
          </Data>
          <Data name="確認状態">
            <value/>
          </Data>
          <Data name="﻿JA-SS名">
            <value/>
          </Data>
        </ExtendedData>
        <Point>
          <coordinates>
            138.8508384,37.2825559,0
          </coordinates>
        </Point>
      </Placemark>
      <Placemark>
        <name>JA-SS 五千石給油所</name>
        <description><![CDATA[説明: <br>住所: <br>確認状態: <br>﻿JA-SS名: ]]></description>
        <styleUrl>#icon-1581-0288D1</styleUrl>
        <ExtendedData>
          <Data name="説明">
            <value/>
          </Data>
          <Data name="住所">
            <value/>
          </Data>
          <Data name="確認状態">
            <value/>
          </Data>
          <Data name="﻿JA-SS名">
            <value/>
          </Data>
        </ExtendedData>
        <Point>
          <coordinates>
            133.3788921,35.3982636,0
          </coordinates>
        </Point>
      </Placemark>
      <Placemark>
        <name>JA-SS / ＪＡ松任市 千代野SS</name>
        <description><![CDATA[説明: <br>住所: <br>確認状態: <br>﻿JA-SS名: ]]></description>
        <styleUrl>#icon-1581-0288D1</styleUrl>
        <ExtendedData>
          <Data name="説明">
            <value/>
          </Data>
          <Data name="住所">
            <value/>
          </Data>
          <Data name="確認状態">
            <value/>
          </Data>
          <Data name="﻿JA-SS名">
            <value/>
          </Data>
        </ExtendedData>
        <Point>
          <coordinates>
            136.5447947,36.5256518,0
          </coordinates>
        </Point>
      </Placemark>
      <Placemark>
        <name>ＪＡ新潟かがやき 安田セルフSS</name>
        <description><![CDATA[説明: <br>住所: <br>確認状態: <br>﻿JA-SS名: ]]></description>
        <styleUrl>#icon-1581-0288D1</styleUrl>
        <ExtendedData>
          <Data name="説明">
            <value/>
          </Data>
          <Data name="住所">
            <value/>
          </Data>
          <Data name="確認状態">
            <value/>
          </Data>
          <Data name="﻿JA-SS名">
            <value/>
          </Data>
        </ExtendedData>
        <Point>
          <coordinates>
            139.2242537,37.7753832,0
          </coordinates>
        </Point>
      </Placemark>
      <Placemark>
        <name>JA-SS かがみ給油所（JAエナジーこうち）</name>
        <description><![CDATA[説明: <br>住所: <br>確認状態: <br>﻿JA-SS名: ]]></description>
        <styleUrl>#icon-1581-0288D1</styleUrl>
        <ExtendedData>
          <Data name="説明">
            <value/>
          </Data>
          <Data name="住所">
            <value/>
          </Data>
          <Data name="確認状態">
            <value/>
          </Data>
          <Data name="﻿JA-SS名">
            <value/>
          </Data>
        </ExtendedData>
        <Point>
          <coordinates>
            133.741344,33.5661738,0
          </coordinates>
        </Point>
      </Placemark>
      <Placemark>
        <name>JA-SS 青谷SS / (株)JAいなば燃料センター</name>
        <description><![CDATA[説明: <br>住所: <br>確認状態: <br>﻿JA-SS名: ]]></description>
        <styleUrl>#icon-1581-0288D1</styleUrl>
        <ExtendedData>
          <Data name="説明">
            <value/>
          </Data>
          <Data name="住所">
            <value/>
          </Data>
          <Data name="確認状態">
            <value/>
          </Data>
          <Data name="﻿JA-SS名">
            <value/>
          </Data>
        </ExtendedData>
        <Point>
          <coordinates>
            133.9990159,35.513556,0
          </coordinates>
        </Point>
      </Placemark>
      <Placemark>
        <name>JA-SS たきなみSS</name>
        <description><![CDATA[説明: <br>住所: <br>確認状態: <br>﻿JA-SS名: ]]></description>
        <styleUrl>#icon-1581-0288D1</styleUrl>
        <ExtendedData>
          <Data name="説明">
            <value/>
          </Data>
          <Data name="住所">
            <value/>
          </Data>
          <Data name="確認状態">
            <value/>
          </Data>
          <Data name="﻿JA-SS名">
            <value/>
          </Data>
        </ExtendedData>
        <Point>
          <coordinates>
            136.4912166,36.0746828,0
          </coordinates>
        </Point>
      </Placemark>
      <Placemark>
        <name>JA-SS 宮長 SS (JAいなば燃料センター)</name>
        <description><![CDATA[説明: <br>住所: <br>確認状態: <br>﻿JA-SS名: ]]></description>
        <styleUrl>#icon-1581-0288D1</styleUrl>
        <ExtendedData>
          <Data name="説明">
            <value/>
          </Data>
          <Data name="住所">
            <value/>
          </Data>
          <Data name="確認状態">
            <value/>
          </Data>
          <Data name="﻿JA-SS名">
            <value/>
          </Data>
        </ExtendedData>
        <Point>
          <coordinates>
            134.2253081,35.4754117,0
          </coordinates>
        </Point>
      </Placemark>
      <Placemark>
        <name>JA-SS / JA白山 蝶屋給油所</name>
        <description><![CDATA[説明: <br>住所: <br>確認状態: <br>﻿JA-SS名: ]]></description>
        <styleUrl>#icon-1581-0288D1</styleUrl>
        <ExtendedData>
          <Data name="説明">
            <value/>
          </Data>
          <Data name="住所">
            <value/>
          </Data>
          <Data name="確認状態">
            <value/>
          </Data>
          <Data name="﻿JA-SS名">
            <value/>
          </Data>
        </ExtendedData>
        <Point>
          <coordinates>
            136.5015338,36.4935082,0
          </coordinates>
        </Point>
      </Placemark>
      <Placemark>
        <name>JA-SS 坂井SS／ＪＡ福井県</name>
        <description><![CDATA[説明: <br>住所: <br>確認状態: <br>﻿JA-SS名: ]]></description>
        <styleUrl>#icon-1581-0288D1</styleUrl>
        <ExtendedData>
          <Data name="説明">
            <value/>
          </Data>
          <Data name="住所">
            <value/>
          </Data>
          <Data name="確認状態">
            <value/>
          </Data>
          <Data name="﻿JA-SS名">
            <value/>
          </Data>
        </ExtendedData>
        <Point>
          <coordinates>
            136.2198459,36.1641978,0
          </coordinates>
        </Point>
      </Placemark>
      <Placemark>
        <name>JA-SS 南部SS / (株)JA会津よつば総合サービス</name>
        <description><![CDATA[説明: <br>住所: <br>確認状態: <br>﻿JA-SS名: ]]></description>
        <styleUrl>#icon-1581-0288D1</styleUrl>
        <ExtendedData>
          <Data name="説明">
            <value/>
          </Data>
          <Data name="住所">
            <value/>
          </Data>
          <Data name="確認状態">
            <value/>
          </Data>
          <Data name="﻿JA-SS名">
            <value/>
          </Data>
        </ExtendedData>
        <Point>
          <coordinates>
            139.8777696,37.4716331,0
          </coordinates>
        </Point>
      </Placemark>
      <Placemark>
        <name>ＪＡ佐渡 畑野SS</name>
        <description><![CDATA[説明: <br>住所: <br>確認状態: <br>﻿JA-SS名: ]]></description>
        <styleUrl>#icon-1581-0288D1</styleUrl>
        <ExtendedData>
          <Data name="説明">
            <value/>
          </Data>
          <Data name="住所">
            <value/>
          </Data>
          <Data name="確認状態">
            <value/>
          </Data>
          <Data name="﻿JA-SS名">
            <value/>
          </Data>
        </ExtendedData>
        <Point>
          <coordinates>
            138.394515,37.987169,0
          </coordinates>
        </Point>
      </Placemark>
      <Placemark>
        <name>JA-SS 協和SS</name>
        <description><![CDATA[説明: <br>住所: <br>確認状態: <br>﻿JA-SS名: ]]></description>
        <styleUrl>#icon-1581-0288D1</styleUrl>
        <ExtendedData>
          <Data name="説明">
            <value/>
          </Data>
          <Data name="住所">
            <value/>
          </Data>
          <Data name="確認状態">
            <value/>
          </Data>
          <Data name="﻿JA-SS名">
            <value/>
          </Data>
        </ExtendedData>
        <Point>
          <coordinates>
            140.3104799,39.6292178,0
          </coordinates>
        </Point>
      </Placemark>
      <Placemark>
        <name>ＪＡ松任 松任SS</name>
        <description><![CDATA[説明: <br>住所: <br>確認状態: <br>﻿JA-SS名: ]]></description>
        <styleUrl>#icon-1581-0288D1</styleUrl>
        <ExtendedData>
          <Data name="説明">
            <value/>
          </Data>
          <Data name="住所">
            <value/>
          </Data>
          <Data name="確認状態">
            <value/>
          </Data>
          <Data name="﻿JA-SS名">
            <value/>
          </Data>
        </ExtendedData>
        <Point>
          <coordinates>
            136.5559686,36.5076627,0
          </coordinates>
        </Point>
      </Placemark>
      <Placemark>
        <name>(株)ＪＡサービス夢みなみ 浅川セルフＳＳ</name>
        <description><![CDATA[説明: <br>住所: <br>確認状態: <br>﻿JA-SS名: ]]></description>
        <styleUrl>#icon-1581-0288D1</styleUrl>
        <ExtendedData>
          <Data name="説明">
            <value/>
          </Data>
          <Data name="住所">
            <value/>
          </Data>
          <Data name="確認状態">
            <value/>
          </Data>
          <Data name="﻿JA-SS名">
            <value/>
          </Data>
        </ExtendedData>
        <Point>
          <coordinates>
            140.4186747,37.076022,0
          </coordinates>
        </Point>
      </Placemark>
      <Placemark>
        <name>JA-SS 長尾 SS (JA香川県オートエナジー)</name>
        <description><![CDATA[説明: <br>住所: <br>確認状態: <br>﻿JA-SS名: ]]></description>
        <styleUrl>#icon-1581-0288D1</styleUrl>
        <ExtendedData>
          <Data name="説明">
            <value/>
          </Data>
          <Data name="住所">
            <value/>
          </Data>
          <Data name="確認状態">
            <value/>
          </Data>
          <Data name="﻿JA-SS名">
            <value/>
          </Data>
        </ExtendedData>
        <Point>
          <coordinates>
            134.1753918,34.2645972,0
          </coordinates>
        </Point>
      </Placemark>
      <Placemark>
        <name>JA-SS 平田給油所 (JAエナジーこうち)</name>
        <description><![CDATA[説明: <br>住所: <br>確認状態: <br>﻿JA-SS名: ]]></description>
        <styleUrl>#icon-1581-0288D1</styleUrl>
        <ExtendedData>
          <Data name="説明">
            <value/>
          </Data>
          <Data name="住所">
            <value/>
          </Data>
          <Data name="確認状態">
            <value/>
          </Data>
          <Data name="﻿JA-SS名">
            <value/>
          </Data>
        </ExtendedData>
        <Point>
          <coordinates>
            132.7967054,32.9534699,0
          </coordinates>
        </Point>
      </Placemark>
      <Placemark>
        <name>JA-SS 市川 SS (JAドリーム)</name>
        <description><![CDATA[説明: <br>住所: <br>確認状態: <br>﻿JA-SS名: ]]></description>
        <styleUrl>#icon-1581-0288D1</styleUrl>
        <ExtendedData>
          <Data name="説明">
            <value/>
          </Data>
          <Data name="住所">
            <value/>
          </Data>
          <Data name="確認状態">
            <value/>
          </Data>
          <Data name="﻿JA-SS名">
            <value/>
          </Data>
        </ExtendedData>
        <Point>
          <coordinates>
            134.7640783,34.9821036,0
          </coordinates>
        </Point>
      </Placemark>
      <Placemark>
        <name>JA-SS / (株)ジェイエイサービス柏崎 ふらわーSS</name>
        <description><![CDATA[説明: <br>住所: <br>確認状態: <br>﻿JA-SS名: ]]></description>
        <styleUrl>#icon-1581-0288D1</styleUrl>
        <ExtendedData>
          <Data name="説明">
            <value/>
          </Data>
          <Data name="住所">
            <value/>
          </Data>
          <Data name="確認状態">
            <value/>
          </Data>
          <Data name="﻿JA-SS名">
            <value/>
          </Data>
        </ExtendedData>
        <Point>
          <coordinates>
            138.7105554,37.3066984,0
          </coordinates>
        </Point>
      </Placemark>
      <Placemark>
        <name>JA-SS / あおば興産(株) グリーンポート大山SS</name>
        <description><![CDATA[説明: <br>住所: <br>確認状態: <br>﻿JA-SS名: ]]></description>
        <styleUrl>#icon-1581-0288D1</styleUrl>
        <ExtendedData>
          <Data name="説明">
            <value/>
          </Data>
          <Data name="住所">
            <value/>
          </Data>
          <Data name="確認状態">
            <value/>
          </Data>
          <Data name="﻿JA-SS名">
            <value/>
          </Data>
        </ExtendedData>
        <Point>
          <coordinates>
            137.2871432,36.6176407,0
          </coordinates>
        </Point>
      </Placemark>
      <Placemark>
        <name>ＪＡ魚沼 セルフ須原SS</name>
        <description><![CDATA[説明: <br>住所: <br>確認状態: <br>﻿JA-SS名: ]]></description>
        <styleUrl>#icon-1581-0288D1</styleUrl>
        <ExtendedData>
          <Data name="説明">
            <value/>
          </Data>
          <Data name="住所">
            <value/>
          </Data>
          <Data name="確認状態">
            <value/>
          </Data>
          <Data name="﻿JA-SS名">
            <value/>
          </Data>
        </ExtendedData>
        <Point>
          <coordinates>
            139.0169528,37.3208276,0
          </coordinates>
        </Point>
      </Placemark>
      <Placemark>
        <name>JA-SS / JAえちご上越 新井SS</name>
        <description><![CDATA[説明: <br>住所: <br>確認状態: <br>﻿JA-SS名: ]]></description>
        <styleUrl>#icon-1581-0288D1</styleUrl>
        <ExtendedData>
          <Data name="説明">
            <value/>
          </Data>
          <Data name="住所">
            <value/>
          </Data>
          <Data name="確認状態">
            <value/>
          </Data>
          <Data name="﻿JA-SS名">
            <value/>
          </Data>
        </ExtendedData>
        <Point>
          <coordinates>
            138.261118,37.046458,0
          </coordinates>
        </Point>
      </Placemark>
      <Placemark>
        <name>JA清水</name>
        <description><![CDATA[説明: <br>住所: <br>確認状態: <br>﻿JA-SS名: ]]></description>
        <styleUrl>#icon-1581-0288D1</styleUrl>
        <ExtendedData>
          <Data name="説明">
            <value/>
          </Data>
          <Data name="住所">
            <value/>
          </Data>
          <Data name="確認状態">
            <value/>
          </Data>
          <Data name="﻿JA-SS名">
            <value/>
          </Data>
        </ExtendedData>
        <Point>
          <coordinates>
            136.1586146,36.0491343,0
          </coordinates>
        </Point>
      </Placemark>
      <Placemark>
        <name>ＪＡえちご上越 明治SS</name>
        <description><![CDATA[説明: <br>住所: <br>確認状態: <br>﻿JA-SS名: ]]></description>
        <styleUrl>#icon-1581-0288D1</styleUrl>
        <ExtendedData>
          <Data name="説明">
            <value/>
          </Data>
          <Data name="住所">
            <value/>
          </Data>
          <Data name="確認状態">
            <value/>
          </Data>
          <Data name="﻿JA-SS名">
            <value/>
          </Data>
        </ExtendedData>
        <Point>
          <coordinates>
            138.3580494,37.1922871,0
          </coordinates>
        </Point>
      </Placemark>
      <Placemark>
        <name>JA-SS 利根東セルフSS／ＪＡ全農ぐんま</name>
        <description><![CDATA[説明: <br>住所: <br>確認状態: <br>﻿JA-SS名: ]]></description>
        <styleUrl>#icon-1581-0288D1</styleUrl>
        <ExtendedData>
          <Data name="説明">
            <value/>
          </Data>
          <Data name="住所">
            <value/>
          </Data>
          <Data name="確認状態">
            <value/>
          </Data>
          <Data name="﻿JA-SS名">
            <value/>
          </Data>
        </ExtendedData>
        <Point>
          <coordinates>
            139.2084408,36.6919114,0
          </coordinates>
        </Point>
      </Placemark>
      <Placemark>
        <name>JA-SS カーパークつるぎ</name>
        <description><![CDATA[説明: <br>住所: <br>確認状態: <br>﻿JA-SS名: ]]></description>
        <styleUrl>#icon-1581-0288D1</styleUrl>
        <ExtendedData>
          <Data name="説明">
            <value/>
          </Data>
          <Data name="住所">
            <value/>
          </Data>
          <Data name="確認状態">
            <value/>
          </Data>
          <Data name="﻿JA-SS名">
            <value/>
          </Data>
        </ExtendedData>
        <Point>
          <coordinates>
            137.3566496,36.6995894,0
          </coordinates>
        </Point>
      </Placemark>
      <Placemark>
        <name>JA-SS 西土佐給油所(JAエナジーこうち)</name>
        <description><![CDATA[説明: <br>住所: <br>確認状態: <br>﻿JA-SS名: ]]></description>
        <styleUrl>#icon-1581-0288D1</styleUrl>
        <ExtendedData>
          <Data name="説明">
            <value/>
          </Data>
          <Data name="住所">
            <value/>
          </Data>
          <Data name="確認状態">
            <value/>
          </Data>
          <Data name="﻿JA-SS名">
            <value/>
          </Data>
        </ExtendedData>
        <Point>
          <coordinates>
            132.790429,33.17784,0
          </coordinates>
        </Point>
      </Placemark>
      <Placemark>
        <name>JA-SS 久米 SS (JA中央サービス)</name>
        <description><![CDATA[説明: <br>住所: <br>確認状態: <br>﻿JA-SS名: ]]></description>
        <styleUrl>#icon-1581-0288D1</styleUrl>
        <ExtendedData>
          <Data name="説明">
            <value/>
          </Data>
          <Data name="住所">
            <value/>
          </Data>
          <Data name="確認状態">
            <value/>
          </Data>
          <Data name="﻿JA-SS名">
            <value/>
          </Data>
        </ExtendedData>
        <Point>
          <coordinates>
            133.7844712,35.4214793,0
          </coordinates>
        </Point>
      </Placemark>
      <Placemark>
        <name>JA-SS 庄SS（ＪＡ加賀）</name>
        <description><![CDATA[説明: <br>住所: <br>確認状態: <br>﻿JA-SS名: ]]></description>
        <styleUrl>#icon-1581-0288D1</styleUrl>
        <ExtendedData>
          <Data name="説明">
            <value/>
          </Data>
          <Data name="住所">
            <value/>
          </Data>
          <Data name="確認状態">
            <value/>
          </Data>
          <Data name="﻿JA-SS名">
            <value/>
          </Data>
        </ExtendedData>
        <Point>
          <coordinates>
            136.3794944,36.3123104,0
          </coordinates>
        </Point>
      </Placemark>
      <Placemark>
        <name>JA晴れの国岡山 津山油配送センター</name>
        <description><![CDATA[説明: <br>住所: <br>確認状態: <br>﻿JA-SS名: ]]></description>
        <styleUrl>#icon-1581-0288D1</styleUrl>
        <ExtendedData>
          <Data name="説明">
            <value/>
          </Data>
          <Data name="住所">
            <value/>
          </Data>
          <Data name="確認状態">
            <value/>
          </Data>
          <Data name="﻿JA-SS名">
            <value/>
          </Data>
        </ExtendedData>
        <Point>
          <coordinates>
            133.9373634,35.0775682,0
          </coordinates>
        </Point>
      </Placemark>
      <Placemark>
        <name>JA-SS 宮崎 SS (JA福井県)</name>
        <description><![CDATA[説明: <br>住所: <br>確認状態: <br>﻿JA-SS名: ]]></description>
        <styleUrl>#icon-1581-0288D1</styleUrl>
        <ExtendedData>
          <Data name="説明">
            <value/>
          </Data>
          <Data name="住所">
            <value/>
          </Data>
          <Data name="確認状態">
            <value/>
          </Data>
          <Data name="﻿JA-SS名">
            <value/>
          </Data>
        </ExtendedData>
        <Point>
          <coordinates>
            136.0791981,35.9414064,0
          </coordinates>
        </Point>
      </Placemark>
      <Placemark>
        <name>ＪＡ魚沼 入広瀬SS</name>
        <description><![CDATA[説明: <br>住所: <br>確認状態: <br>﻿JA-SS名: ]]></description>
        <styleUrl>#icon-1581-0288D1</styleUrl>
        <ExtendedData>
          <Data name="説明">
            <value/>
          </Data>
          <Data name="住所">
            <value/>
          </Data>
          <Data name="確認状態">
            <value/>
          </Data>
          <Data name="﻿JA-SS名">
            <value/>
          </Data>
        </ExtendedData>
        <Point>
          <coordinates>
            139.0641711,37.3555487,0
          </coordinates>
        </Point>
      </Placemark>
      <Placemark>
        <name>JA-SS /JA能美 辰口セルフSS</name>
        <description><![CDATA[説明: <br>住所: <br>確認状態: <br>﻿JA-SS名: ]]></description>
        <styleUrl>#icon-1581-0288D1</styleUrl>
        <ExtendedData>
          <Data name="説明">
            <value/>
          </Data>
          <Data name="住所">
            <value/>
          </Data>
          <Data name="確認状態">
            <value/>
          </Data>
          <Data name="﻿JA-SS名">
            <value/>
          </Data>
        </ExtendedData>
        <Point>
          <coordinates>
            136.5730377,36.4540319,0
          </coordinates>
        </Point>
      </Placemark>
      <Placemark>
        <name>JA-SS / (株)ライフサポート北新潟 金塚給油所</name>
        <description><![CDATA[説明: <br>住所: <br>確認状態: <br>﻿JA-SS名: ]]></description>
        <styleUrl>#icon-1581-0288D1</styleUrl>
        <ExtendedData>
          <Data name="説明">
            <value/>
          </Data>
          <Data name="住所">
            <value/>
          </Data>
          <Data name="確認状態">
            <value/>
          </Data>
          <Data name="﻿JA-SS名">
            <value/>
          </Data>
        </ExtendedData>
        <Point>
          <coordinates>
            139.3782056,38.0160355,0
          </coordinates>
        </Point>
      </Placemark>
      <Placemark>
        <name>(株)JA会津よつば総合サービス 喜多方SS</name>
        <description><![CDATA[説明: <br>住所: <br>確認状態: <br>﻿JA-SS名: ]]></description>
        <styleUrl>#icon-1581-0288D1</styleUrl>
        <ExtendedData>
          <Data name="説明">
            <value/>
          </Data>
          <Data name="住所">
            <value/>
          </Data>
          <Data name="確認状態">
            <value/>
          </Data>
          <Data name="﻿JA-SS名">
            <value/>
          </Data>
        </ExtendedData>
        <Point>
          <coordinates>
            139.880526,37.6598179,0
          </coordinates>
        </Point>
      </Placemark>
      <Placemark>
        <name>JA-SS 十和給油所 (JAエナジーこうち)</name>
        <description><![CDATA[説明: <br>住所: <br>確認状態: <br>﻿JA-SS名: ]]></description>
        <styleUrl>#icon-1581-0288D1</styleUrl>
        <ExtendedData>
          <Data name="説明">
            <value/>
          </Data>
          <Data name="住所">
            <value/>
          </Data>
          <Data name="確認状態">
            <value/>
          </Data>
          <Data name="﻿JA-SS名">
            <value/>
          </Data>
        </ExtendedData>
        <Point>
          <coordinates>
            132.8459908,33.2306078,0
          </coordinates>
        </Point>
      </Placemark>
      <Placemark>
        <name>JA-SS レイクサイド SS (JA福井県)</name>
        <description><![CDATA[説明: <br>住所: <br>確認状態: <br>﻿JA-SS名: ]]></description>
        <styleUrl>#icon-1581-0288D1</styleUrl>
        <ExtendedData>
          <Data name="説明">
            <value/>
          </Data>
          <Data name="住所">
            <value/>
          </Data>
          <Data name="確認状態">
            <value/>
          </Data>
          <Data name="﻿JA-SS名">
            <value/>
          </Data>
        </ExtendedData>
        <Point>
          <coordinates>
            135.9014045,35.5563654,0
          </coordinates>
        </Point>
      </Placemark>
      <Placemark>
        <name>宝山ＳＳ</name>
        <description><![CDATA[説明: <br>住所: <br>確認状態: <br>﻿JA-SS名: ]]></description>
        <styleUrl>#icon-1581-0288D1</styleUrl>
        <ExtendedData>
          <Data name="説明">
            <value/>
          </Data>
          <Data name="住所">
            <value/>
          </Data>
          <Data name="確認状態">
            <value/>
          </Data>
          <Data name="﻿JA-SS名">
            <value/>
          </Data>
        </ExtendedData>
        <Point>
          <coordinates>
            133.7420147,34.1205049,0
          </coordinates>
        </Point>
      </Placemark>
      <Placemark>
        <name>JA-SS 福井SS</name>
        <description><![CDATA[説明: <br>住所: <br>確認状態: <br>﻿JA-SS名: ]]></description>
        <styleUrl>#icon-1581-0288D1</styleUrl>
        <ExtendedData>
          <Data name="説明">
            <value/>
          </Data>
          <Data name="住所">
            <value/>
          </Data>
          <Data name="確認状態">
            <value/>
          </Data>
          <Data name="﻿JA-SS名">
            <value/>
          </Data>
        </ExtendedData>
        <Point>
          <coordinates>
            136.2365487,36.0860279,0
          </coordinates>
        </Point>
      </Placemark>
      <Placemark>
        <name>JA-SS じゃすぽーと岡本SS</name>
        <description><![CDATA[説明: <br>住所: <br>確認状態: <br>﻿JA-SS名: ]]></description>
        <styleUrl>#icon-1581-0288D1</styleUrl>
        <ExtendedData>
          <Data name="説明">
            <value/>
          </Data>
          <Data name="住所">
            <value/>
          </Data>
          <Data name="確認状態">
            <value/>
          </Data>
          <Data name="﻿JA-SS名">
            <value/>
          </Data>
        </ExtendedData>
        <Point>
          <coordinates>
            139.9317049,36.5996628,0
          </coordinates>
        </Point>
      </Placemark>
      <Placemark>
        <name>JA-SS 岩城SS</name>
        <description><![CDATA[説明: <br>住所: <br>確認状態: <br>﻿JA-SS名: ]]></description>
        <styleUrl>#icon-1581-0288D1</styleUrl>
        <ExtendedData>
          <Data name="説明">
            <value/>
          </Data>
          <Data name="住所">
            <value/>
          </Data>
          <Data name="確認状態">
            <value/>
          </Data>
          <Data name="﻿JA-SS名">
            <value/>
          </Data>
        </ExtendedData>
        <Point>
          <coordinates>
            140.0566371,39.5631694,0
          </coordinates>
        </Point>
      </Placemark>
      <Placemark>
        <name>(株)JA会津よつば総合サービス 山都SS</name>
        <description><![CDATA[説明: <br>住所: <br>確認状態: <br>﻿JA-SS名: ]]></description>
        <styleUrl>#icon-1581-0288D1</styleUrl>
        <ExtendedData>
          <Data name="説明">
            <value/>
          </Data>
          <Data name="住所">
            <value/>
          </Data>
          <Data name="確認状態">
            <value/>
          </Data>
          <Data name="﻿JA-SS名">
            <value/>
          </Data>
        </ExtendedData>
        <Point>
          <coordinates>
            139.7665909,37.6233215,0
          </coordinates>
        </Point>
      </Placemark>
      <Placemark>
        <name>JA-SS / (株)ジェイエイサービス柏崎 刈羽給油所</name>
        <description><![CDATA[説明: <br>住所: <br>確認状態: <br>﻿JA-SS名: ]]></description>
        <styleUrl>#icon-1581-0288D1</styleUrl>
        <ExtendedData>
          <Data name="説明">
            <value/>
          </Data>
          <Data name="住所">
            <value/>
          </Data>
          <Data name="確認状態">
            <value/>
          </Data>
          <Data name="﻿JA-SS名">
            <value/>
          </Data>
        </ExtendedData>
        <Point>
          <coordinates>
            138.622936,37.43096,0
          </coordinates>
        </Point>
      </Placemark>
      <Placemark>
        <name>(株)ＪＡサービスすかがわ岩瀬 天栄ＳＳ</name>
        <description><![CDATA[説明: <br>住所: <br>確認状態: <br>﻿JA-SS名: ]]></description>
        <styleUrl>#icon-1581-0288D1</styleUrl>
        <ExtendedData>
          <Data name="説明">
            <value/>
          </Data>
          <Data name="住所">
            <value/>
          </Data>
          <Data name="確認状態">
            <value/>
          </Data>
          <Data name="﻿JA-SS名">
            <value/>
          </Data>
        </ExtendedData>
        <Point>
          <coordinates>
            140.2344496,37.2555477,0
          </coordinates>
        </Point>
      </Placemark>
      <Placemark>
        <name>JA-SS / ＪＡ志賀 増穂SS</name>
        <description><![CDATA[説明: <br>住所: <br>確認状態: <br>﻿JA-SS名: ]]></description>
        <styleUrl>#icon-1581-0288D1</styleUrl>
        <ExtendedData>
          <Data name="説明">
            <value/>
          </Data>
          <Data name="住所">
            <value/>
          </Data>
          <Data name="確認状態">
            <value/>
          </Data>
          <Data name="﻿JA-SS名">
            <value/>
          </Data>
        </ExtendedData>
        <Point>
          <coordinates>
            136.723541,37.144479,0
          </coordinates>
        </Point>
      </Placemark>
      <Placemark>
        <name>JA-SS 中央 SS (JA青森)</name>
        <description><![CDATA[説明: <br>住所: <br>確認状態: <br>﻿JA-SS名: ]]></description>
        <styleUrl>#icon-1581-0288D1</styleUrl>
        <ExtendedData>
          <Data name="説明">
            <value/>
          </Data>
          <Data name="住所">
            <value/>
          </Data>
          <Data name="確認状態">
            <value/>
          </Data>
          <Data name="﻿JA-SS名">
            <value/>
          </Data>
        </ExtendedData>
        <Point>
          <coordinates>
            140.7244495,40.7686973,0
          </coordinates>
        </Point>
      </Placemark>
      <Placemark>
        <name>JA-SS 国府 SS (JAいなば燃料センター)</name>
        <description><![CDATA[説明: <br>住所: <br>確認状態: <br>﻿JA-SS名: ]]></description>
        <styleUrl>#icon-1581-0288D1</styleUrl>
        <ExtendedData>
          <Data name="説明">
            <value/>
          </Data>
          <Data name="住所">
            <value/>
          </Data>
          <Data name="確認状態">
            <value/>
          </Data>
          <Data name="﻿JA-SS名">
            <value/>
          </Data>
        </ExtendedData>
        <Point>
          <coordinates>
            134.2677426,35.4716223,0
          </coordinates>
        </Point>
      </Placemark>
      <Placemark>
        <name>JA-SS 湯梨浜 SS (JA中央サービス)</name>
        <description><![CDATA[説明: <br>住所: <br>確認状態: <br>﻿JA-SS名: ]]></description>
        <styleUrl>#icon-1581-0288D1</styleUrl>
        <ExtendedData>
          <Data name="説明">
            <value/>
          </Data>
          <Data name="住所">
            <value/>
          </Data>
          <Data name="確認状態">
            <value/>
          </Data>
          <Data name="﻿JA-SS名">
            <value/>
          </Data>
        </ExtendedData>
        <Point>
          <coordinates>
            133.8805024,35.4633707,0
          </coordinates>
        </Point>
      </Placemark>
      <Placemark>
        <name>JAえちご中越 堺SS</name>
        <description><![CDATA[説明: <br>住所: <br>確認状態: <br>﻿JA-SS名: ]]></description>
        <styleUrl>#icon-1581-0288D1</styleUrl>
        <ExtendedData>
          <Data name="説明">
            <value/>
          </Data>
          <Data name="住所">
            <value/>
          </Data>
          <Data name="確認状態">
            <value/>
          </Data>
          <Data name="﻿JA-SS名">
            <value/>
          </Data>
        </ExtendedData>
        <Point>
          <coordinates>
            138.8071963,37.4563243,0
          </coordinates>
        </Point>
      </Placemark>
      <Placemark>
        <name>ＪＡ福島さくら 常葉ＳＳ</name>
        <description><![CDATA[説明: <br>住所: <br>確認状態: <br>﻿JA-SS名: ]]></description>
        <styleUrl>#icon-1581-0288D1</styleUrl>
        <ExtendedData>
          <Data name="説明">
            <value/>
          </Data>
          <Data name="住所">
            <value/>
          </Data>
          <Data name="確認状態">
            <value/>
          </Data>
          <Data name="﻿JA-SS名">
            <value/>
          </Data>
        </ExtendedData>
        <Point>
          <coordinates>
            140.6275421,37.4413993,0
          </coordinates>
        </Point>
      </Placemark>
      <Placemark>
        <name>JA-SS /ＪＡ根上 大成町セルフSS</name>
        <description><![CDATA[説明: <br>住所: <br>確認状態: <br>﻿JA-SS名: ]]></description>
        <styleUrl>#icon-1581-0288D1</styleUrl>
        <ExtendedData>
          <Data name="説明">
            <value/>
          </Data>
          <Data name="住所">
            <value/>
          </Data>
          <Data name="確認状態">
            <value/>
          </Data>
          <Data name="﻿JA-SS名">
            <value/>
          </Data>
        </ExtendedData>
        <Point>
          <coordinates>
            136.4635336,36.4485696,0
          </coordinates>
        </Point>
      </Placemark>
      <Placemark>
        <name>JA-SS 鳴鹿SS</name>
        <description><![CDATA[説明: <br>住所: <br>確認状態: <br>﻿JA-SS名: ]]></description>
        <styleUrl>#icon-1581-0288D1</styleUrl>
        <ExtendedData>
          <Data name="説明">
            <value/>
          </Data>
          <Data name="住所">
            <value/>
          </Data>
          <Data name="確認状態">
            <value/>
          </Data>
          <Data name="﻿JA-SS名">
            <value/>
          </Data>
        </ExtendedData>
        <Point>
          <coordinates>
            136.2987652,36.1151305,0
          </coordinates>
        </Point>
      </Placemark>
      <Placemark>
        <name>JA-SS / JAえちご中越 川崎SS</name>
        <description><![CDATA[説明: <br>住所: <br>確認状態: <br>﻿JA-SS名: ]]></description>
        <styleUrl>#icon-1581-0288D1</styleUrl>
        <ExtendedData>
          <Data name="説明">
            <value/>
          </Data>
          <Data name="住所">
            <value/>
          </Data>
          <Data name="確認状態">
            <value/>
          </Data>
          <Data name="﻿JA-SS名">
            <value/>
          </Data>
        </ExtendedData>
        <Point>
          <coordinates>
            138.8749043,37.4510621,0
          </coordinates>
        </Point>
      </Placemark>
      <Placemark>
        <name>(株)ＪＡ福島さくら燃料サービス 小名浜ＳＳ</name>
        <description><![CDATA[説明: <br>住所: <br>確認状態: <br>﻿JA-SS名: ]]></description>
        <styleUrl>#icon-1581-0288D1</styleUrl>
        <ExtendedData>
          <Data name="説明">
            <value/>
          </Data>
          <Data name="住所">
            <value/>
          </Data>
          <Data name="確認状態">
            <value/>
          </Data>
          <Data name="﻿JA-SS名">
            <value/>
          </Data>
        </ExtendedData>
        <Point>
          <coordinates>
            140.8971285,36.953741,0
          </coordinates>
        </Point>
      </Placemark>
      <Placemark>
        <name>JA-SS 中山給油所</name>
        <description><![CDATA[説明: <br>住所: <br>確認状態: <br>﻿JA-SS名: ]]></description>
        <styleUrl>#icon-1581-0288D1</styleUrl>
        <ExtendedData>
          <Data name="説明">
            <value/>
          </Data>
          <Data name="住所">
            <value/>
          </Data>
          <Data name="確認状態">
            <value/>
          </Data>
          <Data name="﻿JA-SS名">
            <value/>
          </Data>
        </ExtendedData>
        <Point>
          <coordinates>
            133.5870559,35.5243596,0
          </coordinates>
        </Point>
      </Placemark>
      <Placemark>
        <name>JA-SS 野市給油所（JAエナジーこうち）</name>
        <description><![CDATA[説明: <br>住所: <br>確認状態: <br>﻿JA-SS名: ]]></description>
        <styleUrl>#icon-1581-0288D1</styleUrl>
        <ExtendedData>
          <Data name="説明">
            <value/>
          </Data>
          <Data name="住所">
            <value/>
          </Data>
          <Data name="確認状態">
            <value/>
          </Data>
          <Data name="﻿JA-SS名">
            <value/>
          </Data>
        </ExtendedData>
        <Point>
          <coordinates>
            133.7001469,33.5667282,0
          </coordinates>
        </Point>
      </Placemark>
      <Placemark>
        <name>JA-SS 平内SS</name>
        <description><![CDATA[説明: <br>住所: <br>確認状態: <br>﻿JA-SS名: ]]></description>
        <styleUrl>#icon-1581-0288D1</styleUrl>
        <ExtendedData>
          <Data name="説明">
            <value/>
          </Data>
          <Data name="住所">
            <value/>
          </Data>
          <Data name="確認状態">
            <value/>
          </Data>
          <Data name="﻿JA-SS名">
            <value/>
          </Data>
        </ExtendedData>
        <Point>
          <coordinates>
            140.9432511,40.9203992,0
          </coordinates>
        </Point>
      </Placemark>
      <Placemark>
        <name>JA-SS 大内 SS (JA香川県オートエナジー)</name>
        <description><![CDATA[説明: <br>住所: <br>確認状態: <br>﻿JA-SS名: ]]></description>
        <styleUrl>#icon-1581-0288D1</styleUrl>
        <ExtendedData>
          <Data name="説明">
            <value/>
          </Data>
          <Data name="住所">
            <value/>
          </Data>
          <Data name="確認状態">
            <value/>
          </Data>
          <Data name="﻿JA-SS名">
            <value/>
          </Data>
        </ExtendedData>
        <Point>
          <coordinates>
            134.3125773,34.2513797,0
          </coordinates>
        </Point>
      </Placemark>
      <Placemark>
        <name>JA-SS / ＪＡ能登わかば 鹿島SS</name>
        <description><![CDATA[説明: <br>住所: <br>確認状態: <br>﻿JA-SS名: ]]></description>
        <styleUrl>#icon-1581-0288D1</styleUrl>
        <ExtendedData>
          <Data name="説明">
            <value/>
          </Data>
          <Data name="住所">
            <value/>
          </Data>
          <Data name="確認状態">
            <value/>
          </Data>
          <Data name="﻿JA-SS名">
            <value/>
          </Data>
        </ExtendedData>
        <Point>
          <coordinates>
            136.9091967,36.9733994,0
          </coordinates>
        </Point>
      </Placemark>
      <Placemark>
        <name>ＪＡ北つくば JASS−PORTいわせ</name>
        <description><![CDATA[説明: <br>住所: <br>確認状態: <br>﻿JA-SS名: ]]></description>
        <styleUrl>#icon-1581-0288D1</styleUrl>
        <ExtendedData>
          <Data name="説明">
            <value/>
          </Data>
          <Data name="住所">
            <value/>
          </Data>
          <Data name="確認状態">
            <value/>
          </Data>
          <Data name="﻿JA-SS名">
            <value/>
          </Data>
        </ExtendedData>
        <Point>
          <coordinates>
            140.1179677,36.3628909,0
          </coordinates>
        </Point>
      </Placemark>
      <Placemark>
        <name>JA-SS 八東 SS (JAいなば燃料センター)</name>
        <description><![CDATA[説明: <br>住所: <br>確認状態: <br>﻿JA-SS名: ]]></description>
        <styleUrl>#icon-1581-0288D1</styleUrl>
        <ExtendedData>
          <Data name="説明">
            <value/>
          </Data>
          <Data name="住所">
            <value/>
          </Data>
          <Data name="確認状態">
            <value/>
          </Data>
          <Data name="﻿JA-SS名">
            <value/>
          </Data>
        </ExtendedData>
        <Point>
          <coordinates>
            134.3052144,35.3742494,0
          </coordinates>
        </Point>
      </Placemark>
      <Placemark>
        <name>JA-SS 陽明SS</name>
        <description><![CDATA[説明: <br>住所: <br>確認状態: <br>﻿JA-SS名: ]]></description>
        <styleUrl>#icon-1581-0288D1</styleUrl>
        <ExtendedData>
          <Data name="説明">
            <value/>
          </Data>
          <Data name="住所">
            <value/>
          </Data>
          <Data name="確認状態">
            <value/>
          </Data>
          <Data name="﻿JA-SS名">
            <value/>
          </Data>
        </ExtendedData>
        <Point>
          <coordinates>
            136.4993654,35.9916713,0
          </coordinates>
        </Point>
      </Placemark>
      <Placemark>
        <name>JA-SS 大瀬 SS (JA中央サービス)</name>
        <description><![CDATA[説明: <br>住所: <br>確認状態: <br>﻿JA-SS名: ]]></description>
        <styleUrl>#icon-1581-0288D1</styleUrl>
        <ExtendedData>
          <Data name="説明">
            <value/>
          </Data>
          <Data name="住所">
            <value/>
          </Data>
          <Data name="確認状態">
            <value/>
          </Data>
          <Data name="﻿JA-SS名">
            <value/>
          </Data>
        </ExtendedData>
        <Point>
          <coordinates>
            133.8648393,35.4079051,0
          </coordinates>
        </Point>
      </Placemark>
      <Placemark>
        <name>JA-SS 長沼給油所 / (株)JAサービス夢みなみ</name>
        <description><![CDATA[説明: <br>住所: <br>確認状態: <br>﻿JA-SS名: ]]></description>
        <styleUrl>#icon-1581-0288D1</styleUrl>
        <ExtendedData>
          <Data name="説明">
            <value/>
          </Data>
          <Data name="住所">
            <value/>
          </Data>
          <Data name="確認状態">
            <value/>
          </Data>
          <Data name="﻿JA-SS名">
            <value/>
          </Data>
        </ExtendedData>
        <Point>
          <coordinates>
            140.2719237,37.2795705,0
          </coordinates>
        </Point>
      </Placemark>
      <Placemark>
        <name>ＪＡ新潟かがやき 京ヶ瀬SS</name>
        <description><![CDATA[説明: <br>住所: <br>確認状態: <br>﻿JA-SS名: ]]></description>
        <styleUrl>#icon-1581-0288D1</styleUrl>
        <ExtendedData>
          <Data name="説明">
            <value/>
          </Data>
          <Data name="住所">
            <value/>
          </Data>
          <Data name="確認状態">
            <value/>
          </Data>
          <Data name="﻿JA-SS名">
            <value/>
          </Data>
        </ExtendedData>
        <Point>
          <coordinates>
            139.1832288,37.8399032,0
          </coordinates>
        </Point>
      </Placemark>
      <Placemark>
        <name>JA-SS 豊中ふれあい SS (JA香川県オートエナジー)</name>
        <description><![CDATA[説明: <br>住所: <br>確認状態: <br>﻿JA-SS名: ]]></description>
        <styleUrl>#icon-1581-0288D1</styleUrl>
        <ExtendedData>
          <Data name="説明">
            <value/>
          </Data>
          <Data name="住所">
            <value/>
          </Data>
          <Data name="確認状態">
            <value/>
          </Data>
          <Data name="﻿JA-SS名">
            <value/>
          </Data>
        </ExtendedData>
        <Point>
          <coordinates>
            133.689561,34.16618,0
          </coordinates>
        </Point>
      </Placemark>
      <Placemark>
        <name>JAえちご中越 サンロードとちおSS</name>
        <description><![CDATA[説明: <br>住所: <br>確認状態: <br>﻿JA-SS名: ]]></description>
        <styleUrl>#icon-1581-0288D1</styleUrl>
        <ExtendedData>
          <Data name="説明">
            <value/>
          </Data>
          <Data name="住所">
            <value/>
          </Data>
          <Data name="確認状態">
            <value/>
          </Data>
          <Data name="﻿JA-SS名">
            <value/>
          </Data>
        </ExtendedData>
        <Point>
          <coordinates>
            138.9964412,37.4863885,0
          </coordinates>
        </Point>
      </Placemark>
      <Placemark>
        <name>JA-SS コパふくきた SS (協同ガス)</name>
        <description><![CDATA[説明: <br>住所: <br>確認状態: <br>﻿JA-SS名: ]]></description>
        <styleUrl>#icon-1581-0288D1</styleUrl>
        <ExtendedData>
          <Data name="説明">
            <value/>
          </Data>
          <Data name="住所">
            <value/>
          </Data>
          <Data name="確認状態">
            <value/>
          </Data>
          <Data name="﻿JA-SS名">
            <value/>
          </Data>
        </ExtendedData>
        <Point>
          <coordinates>
            133.3281554,34.5471873,0
          </coordinates>
        </Point>
      </Placemark>
      <Placemark>
        <name>JA-SS / ＪＡいなば コープ東部SS</name>
        <description><![CDATA[説明: <br>住所: <br>確認状態: <br>﻿JA-SS名: ]]></description>
        <styleUrl>#icon-1581-0288D1</styleUrl>
        <ExtendedData>
          <Data name="説明">
            <value/>
          </Data>
          <Data name="住所">
            <value/>
          </Data>
          <Data name="確認状態">
            <value/>
          </Data>
          <Data name="﻿JA-SS名">
            <value/>
          </Data>
        </ExtendedData>
        <Point>
          <coordinates>
            136.9155364,36.6811806,0
          </coordinates>
        </Point>
      </Placemark>
      <Placemark>
        <name>JA-SS 敦賀西部 SS (JA福井県)</name>
        <description><![CDATA[説明: <br>住所: <br>確認状態: <br>﻿JA-SS名: ]]></description>
        <styleUrl>#icon-1581-0288D1</styleUrl>
        <ExtendedData>
          <Data name="説明">
            <value/>
          </Data>
          <Data name="住所">
            <value/>
          </Data>
          <Data name="確認状態">
            <value/>
          </Data>
          <Data name="﻿JA-SS名">
            <value/>
          </Data>
        </ExtendedData>
        <Point>
          <coordinates>
            136.0473078,35.6281839,0
          </coordinates>
        </Point>
      </Placemark>
      <Placemark>
        <name>JA-SS / (株)JA会津よつば総合サービス みどり中央セルフSS</name>
        <description><![CDATA[説明: <br>住所: <br>確認状態: <br>﻿JA-SS名: ]]></description>
        <styleUrl>#icon-1581-0288D1</styleUrl>
        <ExtendedData>
          <Data name="説明">
            <value/>
          </Data>
          <Data name="住所">
            <value/>
          </Data>
          <Data name="確認状態">
            <value/>
          </Data>
          <Data name="﻿JA-SS名">
            <value/>
          </Data>
        </ExtendedData>
        <Point>
          <coordinates>
            139.8272072,37.5571051,0
          </coordinates>
        </Point>
      </Placemark>
      <Placemark>
        <name>JAひがしみの JASS−PORT恵那</name>
        <description><![CDATA[説明: <br>住所: <br>確認状態: <br>﻿JA-SS名: ]]></description>
        <styleUrl>#icon-1581-0288D1</styleUrl>
        <ExtendedData>
          <Data name="説明">
            <value/>
          </Data>
          <Data name="住所">
            <value/>
          </Data>
          <Data name="確認状態">
            <value/>
          </Data>
          <Data name="﻿JA-SS名">
            <value/>
          </Data>
        </ExtendedData>
        <Point>
          <coordinates>
            137.3992926,35.4442811,0
          </coordinates>
        </Point>
      </Placemark>
      <Placemark>
        <name>JA-SS 荒川ＳＳ</name>
        <description><![CDATA[説明: <br>住所: <br>確認状態: <br>﻿JA-SS名: ]]></description>
        <styleUrl>#icon-1581-0288D1</styleUrl>
        <ExtendedData>
          <Data name="説明">
            <value/>
          </Data>
          <Data name="住所">
            <value/>
          </Data>
          <Data name="確認状態">
            <value/>
          </Data>
          <Data name="﻿JA-SS名">
            <value/>
          </Data>
        </ExtendedData>
        <Point>
          <coordinates>
            139.0337101,35.9585833,0
          </coordinates>
        </Point>
      </Placemark>
      <Placemark>
        <name>JA-SS 藤崎SS</name>
        <description><![CDATA[説明: <br>住所: <br>確認状態: <br>﻿JA-SS名: ]]></description>
        <styleUrl>#icon-1581-0288D1</styleUrl>
        <ExtendedData>
          <Data name="説明">
            <value/>
          </Data>
          <Data name="住所">
            <value/>
          </Data>
          <Data name="確認状態">
            <value/>
          </Data>
          <Data name="﻿JA-SS名">
            <value/>
          </Data>
        </ExtendedData>
        <Point>
          <coordinates>
            140.5083199,40.656569,0
          </coordinates>
        </Point>
      </Placemark>
      <Placemark>
        <name>JA-SS / ＪＡ志賀 志賀SS</name>
        <description><![CDATA[説明: <br>住所: <br>確認状態: <br>﻿JA-SS名: ]]></description>
        <styleUrl>#icon-1581-0288D1</styleUrl>
        <ExtendedData>
          <Data name="説明">
            <value/>
          </Data>
          <Data name="住所">
            <value/>
          </Data>
          <Data name="確認状態">
            <value/>
          </Data>
          <Data name="﻿JA-SS名">
            <value/>
          </Data>
        </ExtendedData>
        <Point>
          <coordinates>
            136.781492,37.0088452,0
          </coordinates>
        </Point>
      </Placemark>
      <Placemark>
        <name>JA-SS 日野給油所</name>
        <description><![CDATA[説明: <br>住所: <br>確認状態: <br>﻿JA-SS名: ]]></description>
        <styleUrl>#icon-1581-0288D1</styleUrl>
        <ExtendedData>
          <Data name="説明">
            <value/>
          </Data>
          <Data name="住所">
            <value/>
          </Data>
          <Data name="確認状態">
            <value/>
          </Data>
          <Data name="﻿JA-SS名">
            <value/>
          </Data>
        </ExtendedData>
        <Point>
          <coordinates>
            133.4429077,35.2425925,0
          </coordinates>
        </Point>
      </Placemark>
      <Placemark>
        <name>JA-SS 河原 SS (JAいなば燃料センター)</name>
        <description><![CDATA[説明: <br>住所: <br>確認状態: <br>﻿JA-SS名: ]]></description>
        <styleUrl>#icon-1581-0288D1</styleUrl>
        <ExtendedData>
          <Data name="説明">
            <value/>
          </Data>
          <Data name="住所">
            <value/>
          </Data>
          <Data name="確認状態">
            <value/>
          </Data>
          <Data name="﻿JA-SS名">
            <value/>
          </Data>
        </ExtendedData>
        <Point>
          <coordinates>
            134.2015511,35.4014188,0
          </coordinates>
        </Point>
      </Placemark>
      <Placemark>
        <name>JA新潟かがやき 黒埼SS</name>
        <description><![CDATA[説明: <br>住所: <br>確認状態: <br>﻿JA-SS名: ]]></description>
        <styleUrl>#icon-1581-0288D1</styleUrl>
        <ExtendedData>
          <Data name="説明">
            <value/>
          </Data>
          <Data name="住所">
            <value/>
          </Data>
          <Data name="確認状態">
            <value/>
          </Data>
          <Data name="﻿JA-SS名">
            <value/>
          </Data>
        </ExtendedData>
        <Point>
          <coordinates>
            138.9889001,37.8308524,0
          </coordinates>
        </Point>
      </Placemark>
      <Placemark>
        <name>JA-SS大内SS</name>
        <description><![CDATA[説明: <br>住所: <br>確認状態: <br>﻿JA-SS名: ]]></description>
        <styleUrl>#icon-1581-0288D1</styleUrl>
        <ExtendedData>
          <Data name="説明">
            <value/>
          </Data>
          <Data name="住所">
            <value/>
          </Data>
          <Data name="確認状態">
            <value/>
          </Data>
          <Data name="﻿JA-SS名">
            <value/>
          </Data>
        </ExtendedData>
        <Point>
          <coordinates>
            140.1099599,39.444886,0
          </coordinates>
        </Point>
      </Placemark>
      <Placemark>
        <name>ＪＡ新潟かがやき 分水SS</name>
        <description><![CDATA[説明: <br>住所: <br>確認状態: <br>﻿JA-SS名: ]]></description>
        <styleUrl>#icon-1581-0288D1</styleUrl>
        <ExtendedData>
          <Data name="説明">
            <value/>
          </Data>
          <Data name="住所">
            <value/>
          </Data>
          <Data name="確認状態">
            <value/>
          </Data>
          <Data name="﻿JA-SS名">
            <value/>
          </Data>
        </ExtendedData>
        <Point>
          <coordinates>
            138.87148,37.638704,0
          </coordinates>
        </Point>
      </Placemark>
      <Placemark>
        <name>JA-SS セルフ仲の町SS</name>
        <description><![CDATA[説明: <br>住所: <br>確認状態: <br>﻿JA-SS名: ]]></description>
        <styleUrl>#icon-1581-0288D1</styleUrl>
        <ExtendedData>
          <Data name="説明">
            <value/>
          </Data>
          <Data name="住所">
            <value/>
          </Data>
          <Data name="確認状態">
            <value/>
          </Data>
          <Data name="﻿JA-SS名">
            <value/>
          </Data>
        </ExtendedData>
        <Point>
          <coordinates>
            140.3837755,37.2964192,0
          </coordinates>
        </Point>
      </Placemark>
      <Placemark>
        <name>JA-SS セルフ三国SS / JA福井県</name>
        <description><![CDATA[説明: <br>住所: <br>確認状態: <br>﻿JA-SS名: ]]></description>
        <styleUrl>#icon-1581-0288D1</styleUrl>
        <ExtendedData>
          <Data name="説明">
            <value/>
          </Data>
          <Data name="住所">
            <value/>
          </Data>
          <Data name="確認状態">
            <value/>
          </Data>
          <Data name="﻿JA-SS名">
            <value/>
          </Data>
        </ExtendedData>
        <Point>
          <coordinates>
            136.1587955,36.2195003,0
          </coordinates>
        </Point>
      </Placemark>
      <Placemark>
        <name>JAえちご上越 直江津SS</name>
        <description><![CDATA[説明: <br>住所: <br>確認状態: <br>﻿JA-SS名: ]]></description>
        <styleUrl>#icon-1581-0288D1</styleUrl>
        <ExtendedData>
          <Data name="説明">
            <value/>
          </Data>
          <Data name="住所">
            <value/>
          </Data>
          <Data name="確認状態">
            <value/>
          </Data>
          <Data name="﻿JA-SS名">
            <value/>
          </Data>
        </ExtendedData>
        <Point>
          <coordinates>
            138.2841631,37.1720761,0
          </coordinates>
        </Point>
      </Placemark>
      <Placemark>
        <name>JA北つくば燃料(株) JASS-PORTあけの</name>
        <description><![CDATA[説明: <br>住所: <br>確認状態: <br>﻿JA-SS名: ]]></description>
        <styleUrl>#icon-1581-0288D1</styleUrl>
        <ExtendedData>
          <Data name="説明">
            <value/>
          </Data>
          <Data name="住所">
            <value/>
          </Data>
          <Data name="確認状態">
            <value/>
          </Data>
          <Data name="﻿JA-SS名">
            <value/>
          </Data>
        </ExtendedData>
        <Point>
          <coordinates>
            140.0416407,36.2459764,0
          </coordinates>
        </Point>
      </Placemark>
      <Placemark>
        <name>ＪＡ新潟かがやき 神山SS</name>
        <description><![CDATA[説明: <br>住所: <br>確認状態: <br>﻿JA-SS名: ]]></description>
        <styleUrl>#icon-1581-0288D1</styleUrl>
        <ExtendedData>
          <Data name="説明">
            <value/>
          </Data>
          <Data name="住所">
            <value/>
          </Data>
          <Data name="確認状態">
            <value/>
          </Data>
          <Data name="﻿JA-SS名">
            <value/>
          </Data>
        </ExtendedData>
        <Point>
          <coordinates>
            139.248556,37.86349,0
          </coordinates>
        </Point>
      </Placemark>
      <Placemark>
        <name>JA-SS 渡辺SS／㈱JA福島さくら燃料サービス</name>
        <description><![CDATA[説明: <br>住所: <br>確認状態: <br>﻿JA-SS名: ]]></description>
        <styleUrl>#icon-1581-0288D1</styleUrl>
        <ExtendedData>
          <Data name="説明">
            <value/>
          </Data>
          <Data name="住所">
            <value/>
          </Data>
          <Data name="確認状態">
            <value/>
          </Data>
          <Data name="﻿JA-SS名">
            <value/>
          </Data>
        </ExtendedData>
        <Point>
          <coordinates>
            140.828725,36.956773,0
          </coordinates>
        </Point>
      </Placemark>
      <Placemark>
        <name>JA-SS 三方 SS (JAハリマ)</name>
        <description><![CDATA[説明: <br>住所: <br>確認状態: <br>﻿JA-SS名: ]]></description>
        <styleUrl>#icon-1581-0288D1</styleUrl>
        <ExtendedData>
          <Data name="説明">
            <value/>
          </Data>
          <Data name="住所">
            <value/>
          </Data>
          <Data name="確認状態">
            <value/>
          </Data>
          <Data name="﻿JA-SS名">
            <value/>
          </Data>
        </ExtendedData>
        <Point>
          <coordinates>
            134.6201753,35.1738024,0
          </coordinates>
        </Point>
      </Placemark>
      <Placemark>
        <name>JA-SS / (株)JA会津よつば総合サービス 塩川SS</name>
        <description><![CDATA[説明: <br>住所: <br>確認状態: <br>﻿JA-SS名: ]]></description>
        <styleUrl>#icon-1581-0288D1</styleUrl>
        <ExtendedData>
          <Data name="説明">
            <value/>
          </Data>
          <Data name="住所">
            <value/>
          </Data>
          <Data name="確認状態">
            <value/>
          </Data>
          <Data name="﻿JA-SS名">
            <value/>
          </Data>
        </ExtendedData>
        <Point>
          <coordinates>
            139.8922728,37.6142945,0
          </coordinates>
        </Point>
      </Placemark>
      <Placemark>
        <name>ＪＡ魚沼 セルフ片貝SS</name>
        <description><![CDATA[説明: <br>住所: <br>確認状態: <br>﻿JA-SS名: ]]></description>
        <styleUrl>#icon-1581-0288D1</styleUrl>
        <ExtendedData>
          <Data name="説明">
            <value/>
          </Data>
          <Data name="住所">
            <value/>
          </Data>
          <Data name="確認状態">
            <value/>
          </Data>
          <Data name="﻿JA-SS名">
            <value/>
          </Data>
        </ExtendedData>
        <Point>
          <coordinates>
            138.7807833,37.3686838,0
          </coordinates>
        </Point>
      </Placemark>
      <Placemark>
        <name>ＪＡ新潟かがやき 中之口SS</name>
        <description><![CDATA[説明: <br>住所: <br>確認状態: <br>﻿JA-SS名: ]]></description>
        <styleUrl>#icon-1581-0288D1</styleUrl>
        <ExtendedData>
          <Data name="説明">
            <value/>
          </Data>
          <Data name="住所">
            <value/>
          </Data>
          <Data name="確認状態">
            <value/>
          </Data>
          <Data name="﻿JA-SS名">
            <value/>
          </Data>
        </ExtendedData>
        <Point>
          <coordinates>
            138.9535901,37.7321741,0
          </coordinates>
        </Point>
      </Placemark>
      <Placemark>
        <name>JA-SS 蓬田 SS (JA青森)</name>
        <description><![CDATA[説明: <br>住所: <br>確認状態: <br>﻿JA-SS名: ]]></description>
        <styleUrl>#icon-1581-0288D1</styleUrl>
        <ExtendedData>
          <Data name="説明">
            <value/>
          </Data>
          <Data name="住所">
            <value/>
          </Data>
          <Data name="確認状態">
            <value/>
          </Data>
          <Data name="﻿JA-SS名">
            <value/>
          </Data>
        </ExtendedData>
        <Point>
          <coordinates>
            140.6507632,40.9721963,0
          </coordinates>
        </Point>
      </Placemark>
      <Placemark>
        <name>JA-SS 上水田セルフ SS (JA晴れの国岡山)</name>
        <description><![CDATA[説明: <br>住所: <br>確認状態: <br>﻿JA-SS名: ]]></description>
        <styleUrl>#icon-1581-0288D1</styleUrl>
        <ExtendedData>
          <Data name="説明">
            <value/>
          </Data>
          <Data name="住所">
            <value/>
          </Data>
          <Data name="確認状態">
            <value/>
          </Data>
          <Data name="﻿JA-SS名">
            <value/>
          </Data>
        </ExtendedData>
        <Point>
          <coordinates>
            133.6495914,34.9691542,0
          </coordinates>
        </Point>
      </Placemark>
      <Placemark>
        <name>ＪＡ魚沼 しぶみSS</name>
        <description><![CDATA[説明: <br>住所: <br>確認状態: <br>﻿JA-SS名: ]]></description>
        <styleUrl>#icon-1581-0288D1</styleUrl>
        <ExtendedData>
          <Data name="説明">
            <value/>
          </Data>
          <Data name="住所">
            <value/>
          </Data>
          <Data name="確認状態">
            <value/>
          </Data>
          <Data name="﻿JA-SS名">
            <value/>
          </Data>
        </ExtendedData>
        <Point>
          <coordinates>
            138.5891119,37.1218622,0
          </coordinates>
        </Point>
      </Placemark>
      <Placemark>
        <name>JA-SS しのくらSS</name>
        <description><![CDATA[説明: <br>住所: <br>確認状態: <br>﻿JA-SS名: ]]></description>
        <styleUrl>#icon-1581-0288D1</styleUrl>
        <ExtendedData>
          <Data name="説明">
            <value/>
          </Data>
          <Data name="住所">
            <value/>
          </Data>
          <Data name="確認状態">
            <value/>
          </Data>
          <Data name="﻿JA-SS名">
            <value/>
          </Data>
        </ExtendedData>
        <Point>
          <coordinates>
            136.4873945,35.9703538,0
          </coordinates>
        </Point>
      </Placemark>
      <Placemark>
        <name>ＪＡみなみ魚沼 セルフ六日町SS</name>
        <description><![CDATA[説明: <br>住所: <br>確認状態: <br>﻿JA-SS名: ]]></description>
        <styleUrl>#icon-1581-0288D1</styleUrl>
        <ExtendedData>
          <Data name="説明">
            <value/>
          </Data>
          <Data name="住所">
            <value/>
          </Data>
          <Data name="確認状態">
            <value/>
          </Data>
          <Data name="﻿JA-SS名">
            <value/>
          </Data>
        </ExtendedData>
        <Point>
          <coordinates>
            138.8884405,37.0885473,0
          </coordinates>
        </Point>
      </Placemark>
      <Placemark>
        <name>JA-SS 一宮 SS (JAハリマ)</name>
        <description><![CDATA[説明: <br>住所: <br>確認状態: <br>﻿JA-SS名: ]]></description>
        <styleUrl>#icon-1581-0288D1</styleUrl>
        <ExtendedData>
          <Data name="説明">
            <value/>
          </Data>
          <Data name="住所">
            <value/>
          </Data>
          <Data name="確認状態">
            <value/>
          </Data>
          <Data name="﻿JA-SS名">
            <value/>
          </Data>
        </ExtendedData>
        <Point>
          <coordinates>
            134.576589,35.110188,0
          </coordinates>
        </Point>
      </Placemark>
      <Placemark>
        <name>JA-SS 丹生川SS</name>
        <description><![CDATA[説明: <br>住所: <br>確認状態: <br>﻿JA-SS名: ]]></description>
        <styleUrl>#icon-1581-0288D1</styleUrl>
        <ExtendedData>
          <Data name="説明">
            <value/>
          </Data>
          <Data name="住所">
            <value/>
          </Data>
          <Data name="確認状態">
            <value/>
          </Data>
          <Data name="﻿JA-SS名">
            <value/>
          </Data>
        </ExtendedData>
        <Point>
          <coordinates>
            137.3110147,36.1699712,0
          </coordinates>
        </Point>
      </Placemark>
      <Placemark>
        <name>JA-SS 中仙SS</name>
        <description><![CDATA[説明: <br>住所: <br>確認状態: <br>﻿JA-SS名: ]]></description>
        <styleUrl>#icon-1581-0288D1</styleUrl>
        <ExtendedData>
          <Data name="説明">
            <value/>
          </Data>
          <Data name="住所">
            <value/>
          </Data>
          <Data name="確認状態">
            <value/>
          </Data>
          <Data name="﻿JA-SS名">
            <value/>
          </Data>
        </ExtendedData>
        <Point>
          <coordinates>
            140.5583524,39.5646008,0
          </coordinates>
        </Point>
      </Placemark>
      <Placemark>
        <name>JA-SS 柞田セルフ SS (JA香川県オートエナジー)</name>
        <description><![CDATA[説明: <br>住所: <br>確認状態: <br>﻿JA-SS名: ]]></description>
        <styleUrl>#icon-1581-0288D1</styleUrl>
        <ExtendedData>
          <Data name="説明">
            <value/>
          </Data>
          <Data name="住所">
            <value/>
          </Data>
          <Data name="確認状態">
            <value/>
          </Data>
          <Data name="﻿JA-SS名">
            <value/>
          </Data>
        </ExtendedData>
        <Point>
          <coordinates>
            133.6717902,34.1129718,0
          </coordinates>
        </Point>
      </Placemark>
      <Placemark>
        <name>JA-SS JASS-PORT小松島 SS (JA東とくしまサービス)</name>
        <description><![CDATA[説明: <br>住所: <br>確認状態: <br>﻿JA-SS名: ]]></description>
        <styleUrl>#icon-1581-0288D1</styleUrl>
        <ExtendedData>
          <Data name="説明">
            <value/>
          </Data>
          <Data name="住所">
            <value/>
          </Data>
          <Data name="確認状態">
            <value/>
          </Data>
          <Data name="﻿JA-SS名">
            <value/>
          </Data>
        </ExtendedData>
        <Point>
          <coordinates>
            134.5746491,34.0053262,0
          </coordinates>
        </Point>
      </Placemark>
      <Placemark>
        <name>JA-SS /ＪＡアルプス カーパーク立山SS</name>
        <description><![CDATA[説明: <br>住所: <br>確認状態: <br>﻿JA-SS名: ]]></description>
        <styleUrl>#icon-1581-0288D1</styleUrl>
        <ExtendedData>
          <Data name="説明">
            <value/>
          </Data>
          <Data name="住所">
            <value/>
          </Data>
          <Data name="確認状態">
            <value/>
          </Data>
          <Data name="﻿JA-SS名">
            <value/>
          </Data>
        </ExtendedData>
        <Point>
          <coordinates>
            137.3126641,36.663908,0
          </coordinates>
        </Point>
      </Placemark>
      <Placemark>
        <name>JA-SS 色麻給油所（JA加美よつば）</name>
        <description><![CDATA[説明: <br>住所: <br>確認状態: <br>﻿JA-SS名: ]]></description>
        <styleUrl>#icon-1581-0288D1</styleUrl>
        <ExtendedData>
          <Data name="説明">
            <value/>
          </Data>
          <Data name="住所">
            <value/>
          </Data>
          <Data name="確認状態">
            <value/>
          </Data>
          <Data name="﻿JA-SS名">
            <value/>
          </Data>
        </ExtendedData>
        <Point>
          <coordinates>
            140.848934,38.547575,0
          </coordinates>
        </Point>
      </Placemark>
      <Placemark>
        <name>JA-SS / (株)ライフサポート北新潟 JAセルフ新発田</name>
        <description><![CDATA[説明: <br>住所: <br>確認状態: <br>﻿JA-SS名: ]]></description>
        <styleUrl>#icon-1581-0288D1</styleUrl>
        <ExtendedData>
          <Data name="説明">
            <value/>
          </Data>
          <Data name="住所">
            <value/>
          </Data>
          <Data name="確認状態">
            <value/>
          </Data>
          <Data name="﻿JA-SS名">
            <value/>
          </Data>
        </ExtendedData>
        <Point>
          <coordinates>
            139.332234,37.9622176,0
          </coordinates>
        </Point>
      </Placemark>
      <Placemark>
        <name>JA-SS 協栄 SS (JA香川県オートエナジー)</name>
        <description><![CDATA[説明: <br>住所: <br>確認状態: <br>﻿JA-SS名: ]]></description>
        <styleUrl>#icon-1581-0288D1</styleUrl>
        <ExtendedData>
          <Data name="説明">
            <value/>
          </Data>
          <Data name="住所">
            <value/>
          </Data>
          <Data name="確認状態">
            <value/>
          </Data>
          <Data name="﻿JA-SS名">
            <value/>
          </Data>
        </ExtendedData>
        <Point>
          <coordinates>
            133.858437,34.184863,0
          </coordinates>
        </Point>
      </Placemark>
      <Placemark>
        <name>JA-SS PORT岩村</name>
        <description><![CDATA[説明: <br>住所: <br>確認状態: <br>﻿JA-SS名: ]]></description>
        <styleUrl>#icon-1581-0288D1</styleUrl>
        <ExtendedData>
          <Data name="説明">
            <value/>
          </Data>
          <Data name="住所">
            <value/>
          </Data>
          <Data name="確認状態">
            <value/>
          </Data>
          <Data name="﻿JA-SS名">
            <value/>
          </Data>
        </ExtendedData>
        <Point>
          <coordinates>
            137.4326244,35.3843045,0
          </coordinates>
        </Point>
      </Placemark>
      <Placemark>
        <name>JA-SS / あおば興産(株) 大沢野燃料センターSS</name>
        <description><![CDATA[説明: <br>住所: <br>確認状態: <br>﻿JA-SS名: ]]></description>
        <styleUrl>#icon-1581-0288D1</styleUrl>
        <ExtendedData>
          <Data name="説明">
            <value/>
          </Data>
          <Data name="住所">
            <value/>
          </Data>
          <Data name="確認状態">
            <value/>
          </Data>
          <Data name="﻿JA-SS名">
            <value/>
          </Data>
        </ExtendedData>
        <Point>
          <coordinates>
            137.2034156,36.5953868,0
          </coordinates>
        </Point>
      </Placemark>
      <Placemark>
        <name>JA-SS 長瀞ＳＳ</name>
        <description><![CDATA[説明: <br>住所: <br>確認状態: <br>﻿JA-SS名: ]]></description>
        <styleUrl>#icon-1581-0288D1</styleUrl>
        <ExtendedData>
          <Data name="説明">
            <value/>
          </Data>
          <Data name="住所">
            <value/>
          </Data>
          <Data name="確認状態">
            <value/>
          </Data>
          <Data name="﻿JA-SS名">
            <value/>
          </Data>
        </ExtendedData>
        <Point>
          <coordinates>
            139.1099495,36.1153998,0
          </coordinates>
        </Point>
      </Placemark>
      <Placemark>
        <name>(株)ＪＡ福島さくら燃料サービス 小野ＳＳ</name>
        <description><![CDATA[説明: <br>住所: <br>確認状態: <br>﻿JA-SS名: ]]></description>
        <styleUrl>#icon-1581-0288D1</styleUrl>
        <ExtendedData>
          <Data name="説明">
            <value/>
          </Data>
          <Data name="住所">
            <value/>
          </Data>
          <Data name="確認状態">
            <value/>
          </Data>
          <Data name="﻿JA-SS名">
            <value/>
          </Data>
        </ExtendedData>
        <Point>
          <coordinates>
            140.624755,37.291075,0
          </coordinates>
        </Point>
      </Placemark>
      <Placemark>
        <name>JA-SS / (株)JA会津よつば総合サービス 昭和SS</name>
        <description><![CDATA[説明: <br>住所: <br>確認状態: <br>﻿JA-SS名: ]]></description>
        <styleUrl>#icon-1581-0288D1</styleUrl>
        <ExtendedData>
          <Data name="説明">
            <value/>
          </Data>
          <Data name="住所">
            <value/>
          </Data>
          <Data name="確認状態">
            <value/>
          </Data>
          <Data name="﻿JA-SS名">
            <value/>
          </Data>
        </ExtendedData>
        <Point>
          <coordinates>
            139.6122779,37.333101,0
          </coordinates>
        </Point>
      </Placemark>
      <Placemark>
        <name>JA-SS / (株)ライフサポート北新潟 川東SS</name>
        <description><![CDATA[説明: <br>住所: <br>確認状態: <br>﻿JA-SS名: ]]></description>
        <styleUrl>#icon-1581-0288D1</styleUrl>
        <ExtendedData>
          <Data name="説明">
            <value/>
          </Data>
          <Data name="住所">
            <value/>
          </Data>
          <Data name="確認状態">
            <value/>
          </Data>
          <Data name="﻿JA-SS名">
            <value/>
          </Data>
        </ExtendedData>
        <Point>
          <coordinates>
            139.3814343,37.9395449,0
          </coordinates>
        </Point>
      </Placemark>
      <Placemark>
        <name>JA-SS ジャスポート大方（JAエナジーこうち）</name>
        <description><![CDATA[説明: <br>住所: <br>確認状態: <br>﻿JA-SS名: ]]></description>
        <styleUrl>#icon-1581-0288D1</styleUrl>
        <ExtendedData>
          <Data name="説明">
            <value/>
          </Data>
          <Data name="住所">
            <value/>
          </Data>
          <Data name="確認状態">
            <value/>
          </Data>
          <Data name="﻿JA-SS名">
            <value/>
          </Data>
        </ExtendedData>
        <Point>
          <coordinates>
            133.01075,33.0254665,0
          </coordinates>
        </Point>
      </Placemark>
      <Placemark>
        <name>JAひだ JASS-PORT冬頭</name>
        <description><![CDATA[説明: <br>住所: <br>確認状態: <br>﻿JA-SS名: ]]></description>
        <styleUrl>#icon-1581-0288D1</styleUrl>
        <ExtendedData>
          <Data name="説明">
            <value/>
          </Data>
          <Data name="住所">
            <value/>
          </Data>
          <Data name="確認状態">
            <value/>
          </Data>
          <Data name="﻿JA-SS名">
            <value/>
          </Data>
        </ExtendedData>
        <Point>
          <coordinates>
            137.242448,36.161174,0
          </coordinates>
        </Point>
      </Placemark>
      <Placemark>
        <name>ENEOS 大栃 SS (大丸石油)</name>
        <description><![CDATA[説明: <br>住所: <br>確認状態: <br>﻿JA-SS名: ]]></description>
        <styleUrl>#icon-1581-0288D1</styleUrl>
        <ExtendedData>
          <Data name="説明">
            <value/>
          </Data>
          <Data name="住所">
            <value/>
          </Data>
          <Data name="確認状態">
            <value/>
          </Data>
          <Data name="﻿JA-SS名">
            <value/>
          </Data>
        </ExtendedData>
        <Point>
          <coordinates>
            133.8755272,33.6985461,0
          </coordinates>
        </Point>
      </Placemark>
      <Placemark>
        <name>JA-SS本荘中央SS</name>
        <description><![CDATA[説明: <br>住所: <br>確認状態: <br>﻿JA-SS名: ]]></description>
        <styleUrl>#icon-1581-0288D1</styleUrl>
        <ExtendedData>
          <Data name="説明">
            <value/>
          </Data>
          <Data name="住所">
            <value/>
          </Data>
          <Data name="確認状態">
            <value/>
          </Data>
          <Data name="﻿JA-SS名">
            <value/>
          </Data>
        </ExtendedData>
        <Point>
          <coordinates>
            140.0755247,39.349346,0
          </coordinates>
        </Point>
      </Placemark>
      <Placemark>
        <name>JA-SS / (株)ライフサポート北新潟 豊浦給油所</name>
        <description><![CDATA[説明: <br>住所: <br>確認状態: <br>﻿JA-SS名: ]]></description>
        <styleUrl>#icon-1581-0288D1</styleUrl>
        <ExtendedData>
          <Data name="説明">
            <value/>
          </Data>
          <Data name="住所">
            <value/>
          </Data>
          <Data name="確認状態">
            <value/>
          </Data>
          <Data name="﻿JA-SS名">
            <value/>
          </Data>
        </ExtendedData>
        <Point>
          <coordinates>
            139.3084176,37.9185947,0
          </coordinates>
        </Point>
      </Placemark>
      <Placemark>
        <name>JA-SS 浜街道坂出 SS (JA香川県オートエナジー)</name>
        <description><![CDATA[説明: <br>住所: <br>確認状態: <br>﻿JA-SS名: ]]></description>
        <styleUrl>#icon-1581-0288D1</styleUrl>
        <ExtendedData>
          <Data name="説明">
            <value/>
          </Data>
          <Data name="住所">
            <value/>
          </Data>
          <Data name="確認状態">
            <value/>
          </Data>
          <Data name="﻿JA-SS名">
            <value/>
          </Data>
        </ExtendedData>
        <Point>
          <coordinates>
            133.8932757,34.3345002,0
          </coordinates>
        </Point>
      </Placemark>
      <Placemark>
        <name>JA-SS 田島SS / (株)JA会津よつば総合サービス</name>
        <description><![CDATA[説明: <br>住所: <br>確認状態: <br>﻿JA-SS名: ]]></description>
        <styleUrl>#icon-1581-0288D1</styleUrl>
        <ExtendedData>
          <Data name="説明">
            <value/>
          </Data>
          <Data name="住所">
            <value/>
          </Data>
          <Data name="確認状態">
            <value/>
          </Data>
          <Data name="﻿JA-SS名">
            <value/>
          </Data>
        </ExtendedData>
        <Point>
          <coordinates>
            139.7720542,37.2045929,0
          </coordinates>
        </Point>
      </Placemark>
      <Placemark>
        <name>ＪＡ魚沼 セルフ小千谷南部SS</name>
        <description><![CDATA[説明: <br>住所: <br>確認状態: <br>﻿JA-SS名: ]]></description>
        <styleUrl>#icon-1581-0288D1</styleUrl>
        <ExtendedData>
          <Data name="説明">
            <value/>
          </Data>
          <Data name="住所">
            <value/>
          </Data>
          <Data name="確認状態">
            <value/>
          </Data>
          <Data name="﻿JA-SS名">
            <value/>
          </Data>
        </ExtendedData>
        <Point>
          <coordinates>
            138.8078882,37.2499544,0
          </coordinates>
        </Point>
      </Placemark>
      <Placemark>
        <name>JAひがしみの JASS−PORT福岡</name>
        <description><![CDATA[説明: <br>住所: <br>確認状態: <br>﻿JA-SS名: ]]></description>
        <styleUrl>#icon-1581-0288D1</styleUrl>
        <ExtendedData>
          <Data name="説明">
            <value/>
          </Data>
          <Data name="住所">
            <value/>
          </Data>
          <Data name="確認状態">
            <value/>
          </Data>
          <Data name="﻿JA-SS名">
            <value/>
          </Data>
        </ExtendedData>
        <Point>
          <coordinates>
            137.4488717,35.5560126,0
          </coordinates>
        </Point>
      </Placemark>
      <Placemark>
        <name>JA-SS 川下 SS (JA愛媛たいき)</name>
        <description><![CDATA[説明: <br>住所: <br>確認状態: <br>﻿JA-SS名: ]]></description>
        <styleUrl>#icon-1581-0288D1</styleUrl>
        <ExtendedData>
          <Data name="説明">
            <value/>
          </Data>
          <Data name="住所">
            <value/>
          </Data>
          <Data name="確認状態">
            <value/>
          </Data>
          <Data name="﻿JA-SS名">
            <value/>
          </Data>
        </ExtendedData>
        <Point>
          <coordinates>
            132.5409016,33.5617372,0
          </coordinates>
        </Point>
      </Placemark>
      <Placemark>
        <name>JA-SS 今庄 SS (コープ武生)</name>
        <description><![CDATA[説明: <br>住所: <br>確認状態: <br>﻿JA-SS名: ]]></description>
        <styleUrl>#icon-1581-0288D1</styleUrl>
        <ExtendedData>
          <Data name="説明">
            <value/>
          </Data>
          <Data name="住所">
            <value/>
          </Data>
          <Data name="確認状態">
            <value/>
          </Data>
          <Data name="﻿JA-SS名">
            <value/>
          </Data>
        </ExtendedData>
        <Point>
          <coordinates>
            136.1974365,35.7813306,0
          </coordinates>
        </Point>
      </Placemark>
      <Placemark>
        <name>JA-SS 酒生SS</name>
        <description><![CDATA[説明: <br>住所: <br>確認状態: <br>﻿JA-SS名: ]]></description>
        <styleUrl>#icon-1581-0288D1</styleUrl>
        <ExtendedData>
          <Data name="説明">
            <value/>
          </Data>
          <Data name="住所">
            <value/>
          </Data>
          <Data name="確認状態">
            <value/>
          </Data>
          <Data name="﻿JA-SS名">
            <value/>
          </Data>
        </ExtendedData>
        <Point>
          <coordinates>
            136.2596775,36.0334587,0
          </coordinates>
        </Point>
      </Placemark>
      <Placemark>
        <name>JA-SS 一宮SS (JA香川県オートエナジー)</name>
        <description><![CDATA[説明: <br>住所: <br>確認状態: <br>﻿JA-SS名: ]]></description>
        <styleUrl>#icon-1581-0288D1</styleUrl>
        <ExtendedData>
          <Data name="説明">
            <value/>
          </Data>
          <Data name="住所">
            <value/>
          </Data>
          <Data name="確認状態">
            <value/>
          </Data>
          <Data name="﻿JA-SS名">
            <value/>
          </Data>
        </ExtendedData>
        <Point>
          <coordinates>
            134.021388,34.290224,0
          </coordinates>
        </Point>
      </Placemark>
      <Placemark>
        <name>ENEOS 上呂SS（上呂石油）</name>
        <description><![CDATA[説明: <br>住所: <br>確認状態: <br>﻿JA-SS名: ]]></description>
        <styleUrl>#icon-1581-0288D1</styleUrl>
        <ExtendedData>
          <Data name="説明">
            <value/>
          </Data>
          <Data name="住所">
            <value/>
          </Data>
          <Data name="確認状態">
            <value/>
          </Data>
          <Data name="﻿JA-SS名">
            <value/>
          </Data>
        </ExtendedData>
        <Point>
          <coordinates>
            137.2042704,35.9087217,0
          </coordinates>
        </Point>
      </Placemark>
      <Placemark>
        <name>JA-SS 平出 SS (コープ武生)</name>
        <description><![CDATA[説明: <br>住所: <br>確認状態: <br>﻿JA-SS名: ]]></description>
        <styleUrl>#icon-1581-0288D1</styleUrl>
        <ExtendedData>
          <Data name="説明">
            <value/>
          </Data>
          <Data name="住所">
            <value/>
          </Data>
          <Data name="確認状態">
            <value/>
          </Data>
          <Data name="﻿JA-SS名">
            <value/>
          </Data>
        </ExtendedData>
        <Point>
          <coordinates>
            136.1615202,35.9091266,0
          </coordinates>
        </Point>
      </Placemark>
      <Placemark>
        <name>JA-SS 豊南ふれあい SS (JA香川県オートエナジー)</name>
        <description><![CDATA[説明: <br>住所: <br>確認状態: <br>﻿JA-SS名: ]]></description>
        <styleUrl>#icon-1581-0288D1</styleUrl>
        <ExtendedData>
          <Data name="説明">
            <value/>
          </Data>
          <Data name="住所">
            <value/>
          </Data>
          <Data name="確認状態">
            <value/>
          </Data>
          <Data name="﻿JA-SS名">
            <value/>
          </Data>
        </ExtendedData>
        <Point>
          <coordinates>
            133.669178,34.085038,0
          </coordinates>
        </Point>
      </Placemark>
      <Placemark>
        <name>(株)JAサービス夢みなみ 平田セルフSS</name>
        <description><![CDATA[説明: <br>住所: <br>確認状態: <br>﻿JA-SS名: ]]></description>
        <styleUrl>#icon-1581-0288D1</styleUrl>
        <ExtendedData>
          <Data name="説明">
            <value/>
          </Data>
          <Data name="住所">
            <value/>
          </Data>
          <Data name="確認状態">
            <value/>
          </Data>
          <Data name="﻿JA-SS名">
            <value/>
          </Data>
        </ExtendedData>
        <Point>
          <coordinates>
            140.5709984,37.236973,0
          </coordinates>
        </Point>
      </Placemark>
      <Placemark>
        <name>ＪＡ新潟かがやき 岩室SS</name>
        <description><![CDATA[説明: <br>住所: <br>確認状態: <br>﻿JA-SS名: ]]></description>
        <styleUrl>#icon-1581-0288D1</styleUrl>
        <ExtendedData>
          <Data name="説明">
            <value/>
          </Data>
          <Data name="住所">
            <value/>
          </Data>
          <Data name="確認状態">
            <value/>
          </Data>
          <Data name="﻿JA-SS名">
            <value/>
          </Data>
        </ExtendedData>
        <Point>
          <coordinates>
            138.869224,37.724773,0
          </coordinates>
        </Point>
      </Placemark>
      <Placemark>
        <name>ＪＡ新潟かがやき 五泉南部セルフSS</name>
        <description><![CDATA[説明: <br>住所: <br>確認状態: <br>﻿JA-SS名: ]]></description>
        <styleUrl>#icon-1581-0288D1</styleUrl>
        <ExtendedData>
          <Data name="説明">
            <value/>
          </Data>
          <Data name="住所">
            <value/>
          </Data>
          <Data name="確認状態">
            <value/>
          </Data>
          <Data name="﻿JA-SS名">
            <value/>
          </Data>
        </ExtendedData>
        <Point>
          <coordinates>
            139.1771428,37.7060537,0
          </coordinates>
        </Point>
      </Placemark>
      <Placemark>
        <name>ＪＡひだ JASS−PORT古川</name>
        <description><![CDATA[説明: <br>住所: <br>確認状態: <br>﻿JA-SS名: ]]></description>
        <styleUrl>#icon-1581-0288D1</styleUrl>
        <ExtendedData>
          <Data name="説明">
            <value/>
          </Data>
          <Data name="住所">
            <value/>
          </Data>
          <Data name="確認状態">
            <value/>
          </Data>
          <Data name="﻿JA-SS名">
            <value/>
          </Data>
        </ExtendedData>
        <Point>
          <coordinates>
            137.1645363,36.2475196,0
          </coordinates>
        </Point>
      </Placemark>
    </Folder>
  </Document>
</kml>
